group,serum,virus,replicate,ic50,ic50_bound,midpoint,midpoint_bound,midpoint_bound_type,slope,top,bottom,r2,rmsd
pilot,A230043d0_100k,A/Saint-Petersburg/RII-MH144112/2023,plate19_100k-GCTTTTGAGAACCATT,0.002356,interpolated,0.002604,0.002604,interpolated,1.539,0.9286,0,0.9755,0.05598
pilot,A230043d0_100k,A/Saint-Petersburg/RII-MH144112/2023,plate19_100k-ATAAAGAATCCCTTGA,0.002126,interpolated,0.00293,0.00293,interpolated,1.892,0.7726,0,0.9875,0.03472
pilot,A230043d0_100k,A/Saint-Petersburg/RII-MH144112/2023,plate19_100k-CCGGTTTTCGGGACCT,0.002488,interpolated,0.00372,0.00372,interpolated,2.041,0.7201,0,0.9659,0.05305
pilot,A230043d0_100k,A/South_Africa/R05510/2023,plate19_100k-CACCACAGTTACTTAA,0.001147,interpolated,0.001147,0.001147,interpolated,1.364,1,0,0.9759,0.05468
pilot,A230043d0_100k,A/South_Africa/R05510/2023,plate19_100k-CGCCGAACGGCGGCGC,0.0009475,interpolated,0.001069,0.001069,interpolated,1.393,0.9229,0,0.9945,0.02348
pilot,A230043d0_100k,A/South_Africa/R05510/2023,plate19_100k-TCCGCCACTATAACAT,0.001456,interpolated,0.001637,0.001637,interpolated,2.223,0.8857,0,0.9777,0.05443
pilot,A230043d0_100k,A/South_Africa/R06240/2023,plate19_100k-AGAAAAACGACATCAT,0.001098,interpolated,0.001098,0.001098,interpolated,1.115,1,0,0.925,0.09142
pilot,A230043d0_100k,A/South_Africa/R06240/2023,plate19_100k-CACCGACCAACTCTCT,0.001113,interpolated,0.001113,0.001113,interpolated,1.693,1,0,0.9832,0.04901
pilot,A230043d0_100k,A/South_Africa/R06240/2023,plate19_100k-CATATTCTAAAATTGA,0.001476,interpolated,0.001478,0.001478,interpolated,1.406,0.9991,0,0.9941,0.02767
pilot,A230043d0_100k,A/Catalonia/NSVH102124476/2023,plate19_100k-ACTGAACAGTATAACT,0.002177,interpolated,0.002391,0.002391,interpolated,1.846,0.9204,0,0.9788,0.05465
pilot,A230043d0_100k,A/Catalonia/NSVH102124476/2023,plate19_100k-AATATACCGGCACTAC,0.001594,interpolated,0.001594,0.001594,interpolated,1.506,1,0,0.9835,0.04874
pilot,A230043d0_100k,A/Catalonia/NSVH102124476/2023,plate19_100k-CTAAGGGCCTGTTCTT,0.001676,interpolated,0.002337,0.002337,interpolated,2.374,0.7272,0,0.9838,0.03923
pilot,A230043d0_100k,A/YAMAGATA/98/2023,plate19_100k-CAACGTGATGAGGAAG,0.00253,interpolated,0.002834,0.002834,interpolated,2.247,0.8873,0,0.9309,0.1028
pilot,A230043d0_100k,A/YAMAGATA/98/2023,plate19_100k-TTAGCAGTTAACGTAT,0.002837,interpolated,0.002837,0.002837,interpolated,2.815,1,0,0.999,0.01372
pilot,A230043d0_100k,A/YAMAGATA/98/2023,plate19_100k-CCCGCTAACCCTGTCT,0.004783,interpolated,0.004941,0.004941,interpolated,10,0.8613,0,0.9292,0.1117
pilot,A230043d0_100k,A/Chipata/15-NIC-001/2023,plate19_100k-CGTATAACTGACGATT,0.001357,interpolated,0.001357,0.001357,interpolated,1.349,1,0,0.9817,0.04815
pilot,A230043d0_100k,A/Chipata/15-NIC-001/2023,plate19_100k-CAGTGCCATCCATCCA,0.001244,interpolated,0.001244,0.001244,interpolated,1.125,1,0,0.9191,0.09669
pilot,A230043d0_100k,A/Chipata/15-NIC-001/2023,plate19_100k-TTTCATATAATTTGAG,0.0009937,interpolated,0.0009937,0.0009937,interpolated,1.211,1,0,0.9856,0.03895
pilot,A230043d0_100k,A/Abu_Dhabi/6753/2023,plate19_100k-TATCGCAATATGATAA,0.002345,interpolated,0.002345,0.002345,interpolated,2.597,1,0,0.9969,0.02429
pilot,A230043d0_100k,A/Abu_Dhabi/6753/2023,plate19_100k-GCTGGTGCACAAGATT,0.002284,interpolated,0.002373,0.002373,interpolated,4.565,0.9203,0,0.9922,0.03698
pilot,A230043d0_100k,A/Abu_Dhabi/6753/2023,plate19_100k-TCTTGAATTTCATGGA,0.001797,interpolated,0.001797,0.001797,interpolated,1.226,1,0,0.9159,0.1069
pilot,A230043d0_100k,A/Netherlands/01693/2023,plate19_100k-AACGACACTTACATCC,0.002178,interpolated,0.002178,0.002178,interpolated,1.27,1,0,0.9389,0.09132
pilot,A230043d0_100k,A/Netherlands/01693/2023,plate19_100k-CCATCACCTTATACAC,0.001765,interpolated,0.00193,0.00193,interpolated,1.5,0.9374,0,0.9746,0.05678
pilot,A230043d0_100k,A/Netherlands/01693/2023,plate19_100k-AAGCGGTTTAGGTCCA,0.002582,interpolated,0.002899,0.002899,interpolated,2.212,0.887,0,0.9504,0.08443
pilot,A230043d0_100k,A/Cambodia/e0826360/2020_egg,plate19_100k-AAATTCACAATATCCA,0.0001953,upper,0.0002155,0.0002155,interpolated,4.834,0.6,0,1,0.0002483
pilot,A230043d0_100k,A/Cambodia/e0826360/2020_egg,plate19_100k-TGTTGTAATCTGAATA,0.0001953,upper,0.0002101,0.0002101,interpolated,4.336,0.6,0,1,0.000594
pilot,A230043d0_100k,A/Cambodia/e0826360/2020_egg,plate19_100k-ATAACGTTTGTGCAAA,0.0001953,upper,0.0001951,0.0001953,upper,4.219,0.6,0,1,0.0005368
pilot,A230043d0_100k,A/Darwin/9/2021,plate19_100k-AAAGTAGCAGAGGATT,0.0002792,interpolated,0.0002792,0.0002792,interpolated,1.715,1,0,0.9978,0.01029
pilot,A230043d0_100k,A/Darwin/9/2021,plate19_100k-CGTTAACGGCCTATCC,0.0002882,interpolated,0.0004535,0.0004535,interpolated,2.072,0.6955,0,0.9996,0.004417
pilot,A230043d0_100k,A/Darwin/9/2021,plate19_100k-CAAAAGCAGCACGATA,0.0004772,interpolated,0.0006474,0.0006474,interpolated,3.219,0.6874,0,0.9994,0.006233
pilot,A230043d0_100k,A/Sydney/715/2023,plate19_100k-TACGACGGAAACAGAA,0.001364,interpolated,0.001813,0.001813,interpolated,1.64,0.8133,0,0.9789,0.04615
pilot,A230043d0_100k,A/Sydney/715/2023,plate19_100k-CTACACTACATCAAAT,0.00143,interpolated,0.001667,0.001667,interpolated,1.766,0.8815,0,0.9903,0.03427
pilot,A230043d0_100k,A/Sydney/715/2023,plate19_100k-AATGACAGCTGTCTAG,0.0005853,interpolated,0.0005853,0.0005853,interpolated,0.9508,1,0,0.9061,0.08364
pilot,A230043d0_100k,A/South_Africa/R06359/2023,plate19_100k-CGCAGTACACAACAAG,0.002153,interpolated,0.002334,0.002334,interpolated,1.714,0.9355,0,0.9807,0.0518
pilot,A230043d0_100k,A/South_Africa/R06359/2023,plate19_100k-CATAATGCACAAACGC,0.002317,interpolated,0.002358,0.002358,interpolated,1.964,0.9828,0,0.9698,0.06921
pilot,A230043d0_100k,A/South_Africa/R06359/2023,plate19_100k-AGTTATGTAAAACGTG,0.00214,interpolated,0.002195,0.002195,interpolated,1.365,0.9831,0,0.9806,0.04925
pilot,A230043d0_100k,A/Finland/399/2023,plate19_100k-TCAATGAATGCGGGGT,0.001547,interpolated,0.001859,0.001859,interpolated,2.905,0.793,0,0.9989,0.01167
pilot,A230043d0_100k,A/Finland/399/2023,plate19_100k-CCACAAGTTTGAAAAC,0.001511,interpolated,0.001564,0.001564,interpolated,2.047,0.9663,0,0.9771,0.06039
pilot,A230043d0_100k,A/Finland/399/2023,plate19_100k-CCAGAGACACGCTAGG,0.001035,interpolated,0.001865,0.001865,interpolated,2.733,0.6,0,0.9773,0.03954
pilot,A230043d0_100k,A/SENDAI/45/2023,plate19_100k-AAAGATAAATTCAAAA,0.002888,interpolated,0.002888,0.002888,interpolated,5.553,1,0,1,0.002698
pilot,A230043d0_100k,A/SENDAI/45/2023,plate19_100k-CTGCGAATATTGTGAC,0.002827,interpolated,0.002827,0.002827,interpolated,2.999,1,0,0.9987,0.01594
pilot,A230043d0_100k,A/SENDAI/45/2023,plate19_100k-TGACAAACACCTGAGG,0.003022,interpolated,0.003236,0.003236,interpolated,5.735,0.8376,0,0.9954,0.02574
pilot,A230043d0_100k,A/Netherlands/01685/2023,plate19_100k-TGAGATCAGCCGGGTG,0.001261,interpolated,0.001385,0.001385,interpolated,1.368,0.9398,0,0.9789,0.04887
pilot,A230043d0_100k,A/Netherlands/01685/2023,plate19_100k-GCATCCTTGTGTCGAA,0.001104,interpolated,0.001104,0.001104,interpolated,1.399,1,0,0.9922,0.0309
pilot,A230043d0_100k,A/Netherlands/01685/2023,plate19_100k-GGCTATATATCTGTTT,0.001397,interpolated,0.001397,0.001397,interpolated,1.347,1,0,0.9748,0.05728
pilot,A230043d0_100k,A/Hong_Kong/4801/2014_(15/192),plate19_100k-GGTTAACTTTGGAAGC,0.0001953,upper,8.204e-05,0.0001953,upper,8.48,1,0,0.8714,7.538e-05
pilot,A230043d0_100k,A/Hong_Kong/4801/2014_(15/192),plate19_100k-ATTTACTCATTATACG,0.0001953,upper,1.256e-07,0.0001953,upper,0.8,0.6,0,0.1204,0.001169
pilot,A230043d0_100k,A/Hong_Kong/4801/2014_(15/192),plate19_100k-CACAGACAATAAAAAA,0.0001953,upper,9.591e-08,0.0001953,upper,0.8,0.6,0,0.1362,0.0008467
pilot,A230043d0_100k,A/KANAGAWA/IC2239/2023,plate19_100k-TGTAGTATAAGAATAA,0.002713,interpolated,0.002713,0.002713,interpolated,1.644,1,0,0.9726,0.06427
pilot,A230043d0_100k,A/KANAGAWA/IC2239/2023,plate19_100k-ACGTAAATCCCCACAA,0.002764,interpolated,0.002764,0.002764,interpolated,1.803,1,0,0.9515,0.09133
pilot,A230043d0_100k,A/KANAGAWA/IC2239/2023,plate19_100k-GACCAAAGCTGCAGGG,0.005054,interpolated,0.005235,0.005235,interpolated,10,0.8521,0,0.9088,0.1247
pilot,A230043d0_100k,A/Jeju/1047/2023,plate19_100k-TGAATTGCGTGATGGG,0.001345,interpolated,0.00162,0.00162,interpolated,1.898,0.8514,0,0.9622,0.06722
pilot,A230043d0_100k,A/Jeju/1047/2023,plate19_100k-AAATTTTTCTTTAGAC,0.001473,interpolated,0.00149,0.00149,interpolated,2.026,0.9885,0,0.9963,0.02419
pilot,A230043d0_100k,A/Jeju/1047/2023,plate19_100k-AATGGTCGAGCCATTC,0.001958,interpolated,0.001958,0.001958,interpolated,4.153,1,0,0.9997,0.008002
pilot,A230043d0_100k,A/EHIME/50/2023,plate19_100k-CGCGAATCACTAAGTA,0.0009445,interpolated,0.0009445,0.0009445,interpolated,1.473,1,0,0.9623,0.06871
pilot,A230043d0_100k,A/EHIME/50/2023,plate19_100k-TTATAATGGCCGGTAT,0.0009874,interpolated,0.0009874,0.0009874,interpolated,1.299,1,0,0.9615,0.06677
pilot,A230043d0_100k,A/EHIME/50/2023,plate19_100k-CAGTAGCAAAACATGC,0.001447,interpolated,0.001971,0.001971,interpolated,2.07,0.7639,0,0.9687,0.05663
pilot,A230043d0_100k,A/Guangdong-Futian/1980/2023,plate19_100k-ACAAAGATAAAAATTT,0.002165,interpolated,0.002489,0.002489,interpolated,1.794,0.8895,0,0.9475,0.08462
pilot,A230043d0_100k,A/Guangdong-Futian/1980/2023,plate19_100k-TTATGTTTTAATGGTA,0.0009463,interpolated,0.001094,0.001094,interpolated,1.301,0.9142,0,0.974,0.04868
pilot,A230043d0_100k,A/Guangdong-Futian/1980/2023,plate19_100k-ATGCGTCTAAACATAG,0.001433,interpolated,0.001682,0.001682,interpolated,1.512,0.8923,0,0.99,0.03316
pilot,A230043d0_100k,A/Samut_Songkhram/THIS061/2023,plate19_100k-AAGTTGTACTTAAGGC,0.001262,interpolated,0.001262,0.001262,interpolated,1.32,1,0,0.9391,0.09046
pilot,A230043d0_100k,A/Samut_Songkhram/THIS061/2023,plate19_100k-CCTATTATAGCTAACA,0.001136,interpolated,0.001264,0.001264,interpolated,1.394,0.9311,0,0.9823,0.0441
pilot,A230043d0_100k,A/Samut_Songkhram/THIS061/2023,plate19_100k-GAGATAGCCCAGAGGT,0.00107,interpolated,0.001071,0.001071,interpolated,1.342,0.9993,0,0.9871,0.03849
pilot,A230043d0_100k,A/Finland/391/2023,plate19_100k-TATCAATTCGGTATTA,0.003074,interpolated,0.003248,0.003248,interpolated,2.491,0.9359,0,0.99,0.03966
pilot,A230043d0_100k,A/Finland/391/2023,plate19_100k-AGCTATGCCTAGTGAA,0.002483,interpolated,0.002913,0.002913,interpolated,2.088,0.8582,0,0.9549,0.0776
pilot,A230043d0_100k,A/Finland/391/2023,plate19_100k-CCGCAATGACAATTTG,0.002438,interpolated,0.002692,0.002692,interpolated,2.593,0.8868,0,0.9664,0.07096
pilot,A230043d0_100k,A/Krabi/THIS050/2023,plate19_100k-AATTAATGGTAATAAA,0.001751,interpolated,0.002068,0.002068,interpolated,1.882,0.8656,0,0.9946,0.02562
pilot,A230043d0_100k,A/Krabi/THIS050/2023,plate19_100k-CGCGAACAACAGGGGA,0.001067,interpolated,0.002183,0.002183,interpolated,2.246,0.6002,0,0.9895,0.02585
pilot,A230043d0_100k,A/Krabi/THIS050/2023,plate19_100k-TTAGCTACTAACCCGT,0.001237,interpolated,0.001641,0.001641,interpolated,1.515,0.8258,0,0.9904,0.03032
pilot,A230043d0_100k,A/Thailand/8/2022,plate19_100k-CATAAAAGACTGTATA,0.0006098,interpolated,0.0006098,0.0006098,interpolated,1.549,1,0,0.9397,0.0822
pilot,A230043d0_100k,A/Thailand/8/2022,plate19_100k-CGTACGTATGTCCCAG,0.0006063,interpolated,0.0008469,0.0008469,interpolated,2.009,0.7555,0,0.9937,0.02212
pilot,A230043d0_100k,A/Thailand/8/2022,plate19_100k-AGACCATCGCACCCAA,0.0005065,interpolated,0.0006167,0.0006167,interpolated,1.499,0.8723,0,0.9963,0.01638
pilot,A230043d0_100k,A/SouthAfrica/PET28931/2023,plate19_100k-AAAACAGGTCCGGTTT,0.001838,interpolated,0.001838,0.001838,interpolated,1.813,1,0,0.9948,0.02874
pilot,A230043d0_100k,A/SouthAfrica/PET28931/2023,plate19_100k-ACCGTTTTTCTACCAG,0.0009213,interpolated,0.0009315,0.0009315,interpolated,1.166,0.9936,0,0.982,0.04219
pilot,A230043d0_100k,A/SouthAfrica/PET28931/2023,plate19_100k-GGCAATAAGTTAAATG,0.001342,interpolated,0.001359,0.001359,interpolated,1.378,0.9919,0,0.9602,0.07204
pilot,A230043d0_100k,A/Townsville/68/2023,plate19_100k-ACAGTACAGATATGAC,0.001772,interpolated,0.001873,0.001873,interpolated,1.619,0.9568,0,0.9827,0.04888
pilot,A230043d0_100k,A/Townsville/68/2023,plate19_100k-GTTATAGAGTGCTTAC,0.001802,interpolated,0.001844,0.001844,interpolated,1.591,0.982,0,0.9841,0.04739
pilot,A230043d0_100k,A/Townsville/68/2023,plate19_100k-TCCCGAACTGAACGCG,0.003024,interpolated,0.003463,0.003463,interpolated,3.366,0.8169,0,0.9436,0.08781
pilot,A230043d0_100k,A/TECPAN/017FLU/2023,plate19_100k-TACTGAGACACTTAAA,0.001443,interpolated,0.001508,0.001508,interpolated,1.796,0.9619,0,0.98,0.05323
pilot,A230043d0_100k,A/TECPAN/017FLU/2023,plate19_100k-ATAATAATCATCAAGA,0.001928,interpolated,0.00218,0.00218,interpolated,1.917,0.8949,0,0.9796,0.05265
pilot,A230043d0_100k,A/TECPAN/017FLU/2023,plate19_100k-CACCTTCATCCTAAAG,0.002095,interpolated,0.002178,0.002178,interpolated,4.337,0.9221,0,0.9735,0.06965
pilot,A230043d0_100k,A/Victoria/1033/2023,plate19_100k-ATCGATTCGATTGACG,0.001349,interpolated,0.001407,0.001407,interpolated,1.56,0.9681,0,0.9681,0.06533
pilot,A230043d0_100k,A/Victoria/1033/2023,plate19_100k-AACGACAACCATGAAT,0.002029,interpolated,0.002525,0.002525,interpolated,2.049,0.8195,0,0.9268,0.09475
pilot,A230043d0_100k,A/Victoria/1033/2023,plate19_100k-TCTTACATTGAAAGGC,0.001166,interpolated,0.001237,0.001237,interpolated,1.268,0.9637,0,0.9841,0.04143
pilot,A230043d0_100k,A/Netherlands/01760/2023,plate19_100k-CTGTGAAAAAAAATAC,0.001811,interpolated,0.001811,0.001811,interpolated,2.736,1,0,0.9899,0.04382
pilot,A230043d0_100k,A/Netherlands/01760/2023,plate19_100k-AACAAGGCCAACATTT,0.001475,interpolated,0.001598,0.001598,interpolated,1.862,0.9311,0,0.9849,0.04537
pilot,A230043d0_100k,A/Netherlands/01760/2023,plate19_100k-AATCCGATAAGAGCTA,0.001169,interpolated,0.001453,0.001453,interpolated,1.762,0.8412,0,0.9941,0.025
pilot,A230043d0_100k,A/Bhutan/0006/2023,plate19_100k-GAAAATCGAGCTTTAA,0.00162,interpolated,0.00162,0.00162,interpolated,2.087,1,0,0.9917,0.03776
pilot,A230043d0_100k,A/Bhutan/0006/2023,plate19_100k-GACCTCCTGGGCACGC,0.001401,interpolated,0.001414,0.001414,interpolated,10,0.9583,0,0.9826,0.05749
pilot,A230043d0_100k,A/Bhutan/0006/2023,plate19_100k-CAAAAAGCTAATAAGT,0.001477,interpolated,0.001477,0.001477,interpolated,1.642,1,0,0.9584,0.08103
pilot,A230043d0_100k,A/Hong_Kong/45/2019,plate19_100k-CGGGGACAAGATTGTA,0.000498,interpolated,0.000498,0.000498,interpolated,1.804,1,0,0.9391,0.07947
pilot,A230043d0_100k,A/Hong_Kong/45/2019,plate19_100k-TAAAAAGCCTCCATGA,0.0003751,interpolated,0.0004706,0.0004706,interpolated,1.89,0.8257,0,0.9759,0.03961
pilot,A230043d0_100k,A/Hong_Kong/45/2019,plate19_100k-TATCCAAGGGACGGAC,0.0005732,interpolated,0.0005732,0.0005732,interpolated,1.529,1,0,0.9683,0.05636
pilot,A230043d0_100k,A/Massachusetts/18/2022,plate19_100k-CATTTCTGATGAATTG,0.001338,interpolated,0.001338,0.001338,interpolated,1.29,1,0,0.9806,0.04854
pilot,A230043d0_100k,A/Massachusetts/18/2022,plate19_100k-CGATCTTTACGAAAAA,0.001221,interpolated,0.001221,0.001221,interpolated,1.275,1,0,0.8943,0.1198
pilot,A230043d0_100k,A/Massachusetts/18/2022,plate19_100k-TCCACACCCCTAGCTA,0.001336,interpolated,0.001521,0.001521,interpolated,1.428,0.9155,0,0.9517,0.07567
pilot,A230043d0_100k,A/South_Africa/R07073/2023,plate19_100k-CACCCAAACGTTCGCA,0.001639,interpolated,0.001639,0.001639,interpolated,1.996,1,0,0.9923,0.03607
pilot,A230043d0_100k,A/South_Africa/R07073/2023,plate19_100k-CATCATTATTACAAAG,0.00138,interpolated,0.00144,0.00144,interpolated,1.841,0.9622,0,0.9886,0.04039
pilot,A230043d0_100k,A/South_Africa/R07073/2023,plate19_100k-CGGCTAAAGTCTATAG,0.001279,interpolated,0.001279,0.001279,interpolated,1.546,1,0,0.9797,0.05316
pilot,A230043d0_100k,A/Saskatchewan/SKFLU317847/2023,plate19_100k-GACCAAAAAGCAGTAT,0.001543,interpolated,0.001754,0.001754,interpolated,1.477,0.9138,0,0.9207,0.09989
pilot,A230043d0_100k,A/Saskatchewan/SKFLU317847/2023,plate19_100k-AGCATGAGCTTGTCAT,0.001421,interpolated,0.00187,0.00187,interpolated,1.885,0.7981,0,0.9924,0.02787
pilot,A230043d0_100k,A/Saskatchewan/SKFLU317847/2023,plate19_100k-GTTTTTCACTGAGTAG,0.0009858,interpolated,0.0009858,0.0009858,interpolated,1.203,1,0,0.9517,0.07324
pilot,A230043d0_100k,A/Busan/1301/2023,plate19_100k-GCATTATAATCTTGTG,0.00195,interpolated,0.002128,0.002128,interpolated,3.624,0.8647,0,0.9907,0.03769
pilot,A230043d0_100k,A/Busan/1301/2023,plate19_100k-AATCCGGTTAACCCCG,0.001289,interpolated,0.001501,0.001501,interpolated,1.844,0.8773,0,0.9787,0.05128
pilot,A230043d0_100k,A/Busan/1301/2023,plate19_100k-TAAAAGAATGATGGTC,0.001767,interpolated,0.00183,0.00183,interpolated,2.113,0.9642,0,0.9846,0.0499
pilot,A230043d0_100k,A/Solwezi/13-NIC-001/2023,plate19_100k-AAACTTCGTGGTATAC,0.002887,interpolated,0.003006,0.003006,interpolated,10,0.8334,0,0.956,0.08237
pilot,A230043d0_100k,A/Solwezi/13-NIC-001/2023,plate19_100k-CCACGTTCATTAGATG,0.001703,interpolated,0.001703,0.001703,interpolated,1.54,1,0,0.9849,0.04656
pilot,A230043d0_100k,A/Solwezi/13-NIC-001/2023,plate19_100k-TAGTTGCCCCGACCTG,0.004727,interpolated,0.00495,0.00495,interpolated,10,0.8149,0,0.8169,0.1827
pilot,A230043d0_100k,A/Surat_Thani/P152/2023,plate19_100k-CAATGGATAATGATAG,0.001396,interpolated,0.001496,0.001496,interpolated,1.594,0.9475,0,0.9644,0.0693
pilot,A230043d0_100k,A/Surat_Thani/P152/2023,plate19_100k-TTACGACGTCATGTAT,0.001207,interpolated,0.001207,0.001207,interpolated,2.015,1,0,0.9948,0.02824
pilot,A230043d0_100k,A/Surat_Thani/P152/2023,plate19_100k-GATTCACGGCCCACAA,0.0012,interpolated,0.0012,0.0012,interpolated,1.95,1,0,0.9839,0.05084
pilot,A230043d0_100k,A/SOUTH_AFRICA/R07876/2023,plate19_100k-AGACTGTACGCGACAG,0.001253,interpolated,0.001441,0.001441,interpolated,1.749,0.8914,0,0.9537,0.07535
pilot,A230043d0_100k,A/SOUTH_AFRICA/R07876/2023,plate19_100k-TGATTCGTCAATTCAT,0.001653,interpolated,0.001853,0.001853,interpolated,1.678,0.9127,0,0.9851,0.04366
pilot,A230043d0_100k,A/SOUTH_AFRICA/R07876/2023,plate19_100k-CTACTAGAGCAGCGAG,0.001702,interpolated,0.002162,0.002162,interpolated,2.278,0.7899,0,0.9426,0.08206
pilot,A230043d0_100k,A/South_Africa/K056863/2023,plate19_100k-GAGCCCGAATAGCAAG,0.001054,interpolated,0.001054,0.001054,interpolated,1.292,1,0,0.9723,0.05729
pilot,A230043d0_100k,A/South_Africa/K056863/2023,plate19_100k-ATCGTCCCGGACATTT,0.0008786,interpolated,0.001186,0.001186,interpolated,1.536,0.8153,0,0.972,0.04983
pilot,A230043d0_100k,A/South_Africa/K056863/2023,plate19_100k-CCGCTATCATTAACCC,0.002036,interpolated,0.002261,0.002261,interpolated,3.124,0.86,0,0.929,0.1045
pilot,A230043d0_100k,A/KANAGAWA/AC2316/2023,plate19_100k-TGCCGATCCAATTGAT,0.001772,interpolated,0.001845,0.001845,interpolated,1.712,0.9663,0,0.995,0.02654
pilot,A230043d0_100k,A/KANAGAWA/AC2316/2023,plate19_100k-TATCCTTGAGTGGCTC,0.003182,interpolated,0.00343,0.00343,interpolated,2.05,0.9288,0,0.9527,0.08499
pilot,A230043d0_100k,A/KANAGAWA/AC2316/2023,plate19_100k-CTTGAATACACAAACA,0.002707,interpolated,0.002939,0.002939,interpolated,2.541,0.9058,0,0.9873,0.04375
pilot,A230043d0_100k,A/Romania/543634/2022,plate19_100k-CACGTTAGTGAGACTT,0.001183,interpolated,0.001358,0.001358,interpolated,1.63,0.899,0,0.9543,0.07388
pilot,A230043d0_100k,A/Romania/543634/2022,plate19_100k-CTTCATCTCATTTAAA,0.001074,interpolated,0.001135,0.001135,interpolated,1.862,0.9509,0,0.9992,0.01034
pilot,A230043d0_100k,A/Romania/543634/2022,plate19_100k-TTTACTCGACTAACCG,0.001198,interpolated,0.001198,0.001198,interpolated,2.156,1,0,0.9909,0.03884
pilot,A230043d0_100k,A/Georgia/40/2023,plate19_100k-CCACGCACTTAAATAA,0.001494,interpolated,0.001494,0.001494,interpolated,1.544,1,0,0.9903,0.03658
pilot,A230043d0_100k,A/Georgia/40/2023,plate19_100k-CCATATATAAGAAACC,0.002038,interpolated,0.002309,0.002309,interpolated,2.311,0.8747,0,0.9677,0.0677
pilot,A230043d0_100k,A/Georgia/40/2023,plate19_100k-CCCATATACTCACAGA,0.00137,interpolated,0.001863,0.001863,interpolated,1.315,0.8336,0,0.9251,0.08518
pilot,A230043d0_100k,A/South_Africa/R06477/2023,plate19_100k-GATCTGCTTGGAATGT,0.002153,interpolated,0.002582,0.002582,interpolated,3.886,0.7467,0,0.8896,0.1172
pilot,A230043d0_100k,A/South_Africa/R06477/2023,plate19_100k-ATTCAATACGTACTTA,0.001981,interpolated,0.002642,0.002642,interpolated,2.561,0.7392,0,0.9231,0.09163
pilot,A230043d0_100k,A/South_Africa/R06477/2023,plate19_100k-TAAACAAAACCTATAC,0.001421,interpolated,0.00171,0.00171,interpolated,1.751,0.8616,0,0.9873,0.03786
pilot,A230043d0_100k,A/Switzerland/9715293/2013,plate19_100k-TCGATTACTAGCCGGA,0.0006066,interpolated,0.0006066,0.0006066,interpolated,2.482,1,0,0.9898,0.03689
pilot,A230043d0_100k,A/Switzerland/9715293/2013,plate19_100k-AGCTGAATTAAGTATG,0.0006374,interpolated,0.0006447,0.0006447,interpolated,3.706,0.9794,0,0.9983,0.01542
pilot,A230043d0_100k,A/Switzerland/9715293/2013,plate19_100k-CCAATCCCAGCCTTTA,0.0007014,interpolated,0.0007442,0.0007442,interpolated,10,0.7763,0,0.8848,0.1159
pilot,A230043d0_100k,A/Malaysia/IMR-SARI1989/2023,plate19_100k-AATTACGCATAGGCCA,0.001233,interpolated,0.001521,0.001521,interpolated,1.994,0.8292,0,0.9046,0.104
pilot,A230043d0_100k,A/Malaysia/IMR-SARI1989/2023,plate19_100k-TCAAACTATGATATTC,0.001567,interpolated,0.00228,0.00228,interpolated,1.611,0.7732,0,0.9352,0.07945
pilot,A230043d0_100k,A/Malaysia/IMR-SARI1989/2023,plate19_100k-TAATAACTTGAGATTC,0.001458,interpolated,0.001671,0.001671,interpolated,1.429,0.9116,0,0.9132,0.1042
pilot,A230043d0_100k,A/Wisconsin/27/2023,plate19_100k-AGATGGAGGAATAAAC,0.001039,interpolated,0.001039,0.001039,interpolated,1.627,1,0,0.9464,0.08601
pilot,A230043d0_100k,A/Wisconsin/27/2023,plate19_100k-CAAGACAAGCCCTATA,0.001264,interpolated,0.001646,0.001646,interpolated,2.001,0.7952,0,0.9803,0.044
pilot,A230043d0_100k,A/Wisconsin/27/2023,plate19_100k-CCTATAAGGCCTTACG,0.0009681,interpolated,0.0009681,0.0009681,interpolated,1.039,1,0,0.8296,0.14
pilot,A230043d0_100k,A/South_Africa/K056872/2023,plate19_100k-ATCGAAAAAACTGCAA,0.00134,interpolated,0.001473,0.001473,interpolated,2.602,0.8908,0,0.9868,0.04304
pilot,A230043d0_100k,A/South_Africa/K056872/2023,plate19_100k-AAGAAAACGGAAAGAA,0.001089,interpolated,0.001089,0.001089,interpolated,1.187,1,0,0.9858,0.03891
pilot,A230043d0_100k,A/South_Africa/K056872/2023,plate19_100k-GCTGAAGACAGTATTA,0.004473,interpolated,0.004619,0.004619,interpolated,10,0.8628,0,0.9698,0.07287
pilot,A230043d0_100k,A/Darwin/6/2021,plate19_100k-CAATTCGCCGTTCCCC,0.001725,interpolated,0.001752,0.001752,interpolated,3.197,0.9761,0,0.9927,0.03695
pilot,A230043d0_100k,A/Darwin/6/2021,plate19_100k-CTATCTTAATCTACAG,0.001962,interpolated,0.002212,0.002212,interpolated,3.658,0.8227,0,0.9808,0.05202
pilot,A230043d0_100k,A/Darwin/6/2021,plate19_100k-GTTATTATGACTTCAT,0.001539,interpolated,0.001551,0.001551,interpolated,1.992,0.9928,0,0.9941,0.0308
pilot,A230043d0_100k,A/Luga/RII-11393S/2023,plate19_100k-CGTCAGAAGTTTATAA,0.003119,interpolated,0.003128,0.003128,interpolated,3.748,0.9943,0,0.9987,0.0162
pilot,A230043d0_100k,A/Luga/RII-11393S/2023,plate19_100k-ATGGTTATCTTACCTT,0.003246,interpolated,0.003493,0.003493,interpolated,3.545,0.8854,0,0.9503,0.08978
pilot,A230043d0_100k,A/Luga/RII-11393S/2023,plate19_100k-CTCATTACAGAAATTG,0.002674,interpolated,0.002698,0.002698,interpolated,3.413,0.9847,0,0.9979,0.02018
pilot,A230043d0_100k,A/Brisbane/429/2023,plate19_100k-CTCCAATAGGAGACGA,0.001439,interpolated,0.001897,0.001897,interpolated,1.49,0.8311,0,0.9534,0.06886
pilot,A230043d0_100k,A/Brisbane/429/2023,plate19_100k-TTAACCTAACGTATAG,0.002621,interpolated,0.002629,0.002629,interpolated,1.414,0.9981,0,0.9283,0.1037
pilot,A230043d0_100k,A/Brisbane/429/2023,plate19_100k-TTGCTAGTCTACCTGA,0.002227,interpolated,0.002236,0.002236,interpolated,1.941,0.9959,0,0.9912,0.038
pilot,A230043d0_100k,A/Sydney/710/2023,plate19_100k-CTTGTAAAACTATGAT,0.0009963,interpolated,0.0009963,0.0009963,interpolated,1.288,1,0,0.9889,0.03475
pilot,A230043d0_100k,A/Sydney/710/2023,plate19_100k-GCCGTAGCGAAATCTT,0.00106,interpolated,0.001208,0.001208,interpolated,1.333,0.9204,0,0.9654,0.06009
pilot,A230043d0_100k,A/Sydney/710/2023,plate19_100k-TGATCCGCAAGCTTAG,0.001072,interpolated,0.002218,0.002218,interpolated,2.214,0.6,0,0.9869,0.02845
pilot,A230043d0_100k,A/Sydney/332/2023,plate19_100k-GCCCATTGAACGCAGC,0.001024,interpolated,0.001024,0.001024,interpolated,1.195,1,0,0.9302,0.08947
pilot,A230043d0_100k,A/Sydney/332/2023,plate19_100k-TATTATCTAAACGGCG,0.002111,interpolated,0.002126,0.002126,interpolated,2.438,0.9912,0,0.9967,0.02415
pilot,A230043d0_100k,A/Sydney/332/2023,plate19_100k-CCCCAGGTATAAAATA,0.002151,interpolated,0.002151,0.002151,interpolated,2.798,1,0,0.9998,0.006081
pilot,A230043d0_100k,A/SouthSudan/642/2023,plate19_100k-GCTAATTCCAAAAGCG,0.001399,interpolated,0.001399,0.001399,interpolated,1.972,1,0,0.9855,0.049
pilot,A230043d0_100k,A/SouthSudan/642/2023,plate19_100k-AATCTTTCCAATCTTG,0.002429,interpolated,0.002642,0.002642,interpolated,10,0.7155,0,0.9234,0.0989
pilot,A230043d0_100k,A/SouthSudan/642/2023,plate19_100k-TCTTAACTACCCGATG,0.001657,interpolated,0.001657,0.001657,interpolated,2.676,1,0,0.9983,0.01776
pilot,A230043d0_100k,A/Ontario/RV00796/2023,plate19_100k-TACCATTTTGGTCCGC,0.003202,interpolated,0.003294,0.003294,interpolated,2.285,0.9688,0,0.9855,0.04844
pilot,A230043d0_100k,A/Ontario/RV00796/2023,plate19_100k-TCCAAACAGCGTTAAA,0.003888,interpolated,0.003912,0.003912,interpolated,2.747,0.9914,0,0.9959,0.02681
pilot,A230043d0_100k,A/Ontario/RV00796/2023,plate19_100k-TGGCTAGCGCACACCA,0.003004,interpolated,0.003012,0.003012,interpolated,3.142,0.9959,0,0.9728,0.07043
pilot,A230043d0_100k,A/Hong_Kong/2671/2019,plate19_100k-TTCATCAAGTTGGTGC,0.0001953,upper,0.000148,0.0001953,upper,7.006,1,0,1,3.653e-05
pilot,A230043d0_100k,A/Hong_Kong/2671/2019,plate19_100k-CGAAAACATTACAAAT,0.0001953,upper,0.0001707,0.0001953,upper,4.797,0.6,0,1,0.0001443
pilot,A230043d0_100k,A/Hong_Kong/2671/2019,plate19_100k-CGGGAATCTCCCATAC,0.0001953,upper,0.0001603,0.0001953,upper,10,1,0,1,0.0001056
pilot,A230043d0_100k,A/Singapore/INFIMH-16-0019/2016_X-307A,plate19_100k-AAAGACCTTTAACTCT,0.0001953,upper,4.136e-10,0.0001953,upper,0.8,0.9759,0,-0.1399,0.0002378
pilot,A230043d0_100k,A/Singapore/INFIMH-16-0019/2016_X-307A,plate19_100k-CAGATAGTGATGAACA,0.0001953,upper,4.743e-07,0.0001953,upper,1.202,1,0,0.6023,0.0001856
pilot,A230043d0_100k,A/Singapore/INFIMH-16-0019/2016_X-307A,plate19_100k-GTAATTCGCATGCGGA,0.0001953,upper,9.715e-05,0.0001953,upper,10,1,0,0.9773,4.572e-05
pilot,A230043d0_100k,A/South_Africa/R06506/2023,plate19_100k-AAATACCCTTGAGATA,0.001732,interpolated,0.001771,0.001771,interpolated,2.265,0.9754,0,0.995,0.02884
pilot,A230043d0_100k,A/South_Africa/R06506/2023,plate19_100k-AAGTGGTAGGATAAAA,0.001547,interpolated,0.001626,0.001626,interpolated,2.505,0.9415,0,0.9854,0.04814
pilot,A230043d0_100k,A/South_Africa/R06506/2023,plate19_100k-ACCCTTTTAGATATGA,0.001474,interpolated,0.001474,0.001474,interpolated,1.713,1,0,0.9806,0.05502
pilot,A230043d0_100k,A/South_Africa/R07188/2023,plate19_100k-AAATGCTGAGAGGGTA,0.001078,interpolated,0.001452,0.001452,interpolated,1.276,0.8419,0,0.9496,0.06772
pilot,A230043d0_100k,A/South_Africa/R07188/2023,plate19_100k-AGTGCTATAAAAATCA,0.001668,interpolated,0.002142,0.002142,interpolated,1.591,0.8358,0,0.9778,0.04816
pilot,A230043d0_100k,A/South_Africa/R07188/2023,plate19_100k-TAAACTGTAACTTACA,0.001282,interpolated,0.002125,0.002125,interpolated,1.569,0.7262,0,0.9593,0.05781
pilot,A230043d0_100k,A/Bhutan/0845/2023,plate19_100k-AACAATTAATTTTTCA,0.002355,interpolated,0.003009,0.003009,interpolated,5.521,0.6294,0,0.9837,0.03626
pilot,A230043d0_100k,A/Bhutan/0845/2023,plate19_100k-AAGAAATTATGGCAGG,0.001741,interpolated,0.002856,0.002856,interpolated,2.89,0.6196,0,0.9896,0.02769
pilot,A230043d0_100k,A/Bhutan/0845/2023,plate19_100k-GACAGAAACAAAATTA,0.002808,interpolated,0.00305,0.00305,interpolated,10,0.7191,0,0.9463,0.07789
pilot,A230043d0_100k,A/Kansas/14/2017,plate19_100k-AACCACCCCAGAGATG,0.0007525,interpolated,0.0007525,0.0007525,interpolated,3.437,1,0,0.9998,0.004898
pilot,A230043d0_100k,A/Kansas/14/2017,plate19_100k-GCAACGAGGTGTAACC,0.0007938,interpolated,0.0008744,0.0008744,interpolated,3.094,0.8707,0,0.9997,0.006336
pilot,A230043d0_100k,A/Kansas/14/2017,plate19_100k-TATACTCACGGAGGAT,0.0009932,interpolated,0.0009932,0.0009932,interpolated,3.702,1,0,0.9998,0.006507
pilot,A230043d0_100k,A/Texas/50/2012,plate19_100k-AACCGTACCGCGTTTA,0.0001953,upper,9.907e-05,0.0001953,upper,8.84,0.9999,0,0.9934,6.572e-05
pilot,A230043d0_100k,A/Texas/50/2012,plate19_100k-AGTTCCATAGGCATGG,0.0001953,upper,0.0001076,0.0001953,upper,10,1,0,0.9994,2.055e-05
pilot,A230043d0_100k,A/Texas/50/2012,plate19_100k-TGAGTTCATAGCTCCA,0.0001953,upper,3.003e-05,0.0001953,upper,3.107,0.6,0,0.9997,9.288e-06
pilot,A230043d0_100k,A/Maldives/852/2023,plate19_100k-AAGCTAATCGTAGTCC,0.0008391,interpolated,0.001079,0.001079,interpolated,1.392,0.8522,0,0.9728,0.04865
pilot,A230043d0_100k,A/Maldives/852/2023,plate19_100k-CAGCCGCTAAAATGAT,0.0008351,interpolated,0.0008642,0.0008642,interpolated,1.241,0.9792,0,0.9835,0.0398
pilot,A230043d0_100k,A/Maldives/852/2023,plate19_100k-GGGTGCAATGAATCCA,0.002366,interpolated,0.002554,0.002554,interpolated,4.822,0.8456,0,0.9529,0.08319
pilot,A230043d0_100k,A/Hong_Kong/4801/2014,plate19_100k-AAGTATTGCTACACAT,0.0001953,upper,0.0001725,0.0001953,upper,2.367,1,0,0.9968,0.007851
pilot,A230043d0_100k,A/Hong_Kong/4801/2014,plate19_100k-ATTTTTCTATGGCTAC,0.0001953,upper,0.0002253,0.0002253,interpolated,2.367,0.6,0,0.9981,0.005045
pilot,A230043d0_100k,A/Hong_Kong/4801/2014,plate19_100k-TCTTAGAGTGAACGAT,0.0001953,upper,0.000218,0.000218,interpolated,1.52,0.6,0,0.9741,0.01798
pilot,A230043d0_100k,A/Oman/3011/2023,plate19_100k-AATAGGCCCAAATCCA,0.001196,interpolated,0.001196,0.001196,interpolated,1.39,1,0,0.9857,0.04247
pilot,A230043d0_100k,A/Oman/3011/2023,plate19_100k-TACGAAAATCAAGAGC,0.001433,interpolated,0.0016,0.0016,interpolated,1.486,0.9244,0,0.9679,0.06244
pilot,A230043d0_100k,A/Oman/3011/2023,plate19_100k-TCCTTTAACTAATCGA,0.001175,interpolated,0.001332,0.001332,interpolated,1.297,0.9248,0,0.9751,0.05135
pilot,A230043d0_100k,A/Texas/50/2012_X-223A_(13/252),plate19_100k-ACGCAAATAGACCGAA,0.0001953,upper,9.99e-11,0.0001953,upper,1.5,0.9974,0,0,1.379e-10
pilot,A230043d0_100k,A/Texas/50/2012_X-223A_(13/252),plate19_100k-ATAGAAAATTATCCGC,0.0001953,upper,7.953e-05,0.0001953,upper,8.739,1,0,1,3.218e-07
pilot,A230043d0_100k,A/Texas/50/2012_X-223A_(13/252),plate19_100k-TCCCCGTGGTTTGACA,0.0001953,upper,7.223e-05,0.0001953,upper,8.735,1,0,-0.1081,0.0001606
pilot,A230043d0_100k,A/Schleswig-Holstein/4/2023,plate19_100k-ACGGACAACCTATCGC,0.001268,interpolated,0.001268,0.001268,interpolated,1.657,1,0,0.9667,0.07034
pilot,A230043d0_100k,A/Schleswig-Holstein/4/2023,plate19_100k-ACTATACATAGAAGAA,0.001123,interpolated,0.001273,0.001273,interpolated,1.721,0.9031,0,0.9959,0.02172
pilot,A230043d0_100k,A/Schleswig-Holstein/4/2023,plate19_100k-CCAATCATGTATCACA,0.001558,interpolated,0.001818,0.001818,interpolated,1.985,0.8679,0,0.9909,0.0337
pilot,A230043d0_100k,A/Catalonia/2041146NS/2023,plate19_100k-AGATCATAAGCAATAA,0.002228,interpolated,0.002638,0.002638,interpolated,1.768,0.8709,0,0.9736,0.05721
pilot,A230043d0_100k,A/Catalonia/2041146NS/2023,plate19_100k-GACATCAAATAGCAAC,0.002656,interpolated,0.002787,0.002787,interpolated,2.759,0.9378,0,0.9699,0.07148
pilot,A230043d0_100k,A/Catalonia/2041146NS/2023,plate19_100k-TAGATAATAAGATTCA,0.001588,interpolated,0.001588,0.001588,interpolated,1.628,1,0,0.9935,0.03057
pilot,A230043d0_100k,A/Sydney/749/2023,plate19_100k-AGCAGACACTTTACAT,0.00196,interpolated,0.002778,0.002778,interpolated,1.562,0.7901,0,0.8897,0.1081
pilot,A230043d0_100k,A/Sydney/749/2023,plate19_100k-GTAGAAACTAGGAGTT,0.002188,interpolated,0.002732,0.002732,interpolated,3.435,0.7332,0,0.9568,0.06834
pilot,A230043d0_100k,A/Sydney/749/2023,plate19_100k-TCGTCCTAGAACCTAA,0.001119,interpolated,0.001119,0.001119,interpolated,1.305,1,0,0.9859,0.04071
pilot,A230043d0_100k,A/South_Dakota/22/2023,plate19_100k-AGGGACTTTATTGTCC,0.0004691,interpolated,0.0004691,0.0004691,interpolated,1.213,1,0,0.7736,0.1461
pilot,A230043d0_100k,A/South_Dakota/22/2023,plate19_100k-GAAGTAACAAACTATG,0.002006,interpolated,0.002213,0.002213,interpolated,5.089,0.8031,0,0.959,0.07747
pilot,A230043d0_100k,A/South_Dakota/22/2023,plate19_100k-TCAACCCTTCGATGTA,0.001733,interpolated,0.001844,0.001844,interpolated,1.761,0.9481,0,0.9784,0.05597
pilot,A230043d0_100k,A/Bangkok/P3599/2023,plate19_100k-AGGTGCGAGCCATCAG,0.000958,interpolated,0.000958,0.000958,interpolated,1.072,1,0,0.8968,0.1051
pilot,A230043d0_100k,A/Bangkok/P3599/2023,plate19_100k-GAAAGAAAGCTATATG,0.001311,interpolated,0.001311,0.001311,interpolated,1.048,1,0,0.8991,0.1068
pilot,A230043d0_100k,A/Bangkok/P3599/2023,plate19_100k-TTACATTTTTAGAATT,0.002381,interpolated,0.00264,0.00264,interpolated,3.275,0.8564,0,0.9644,0.07214
pilot,A230043d0_100k,A/Switzerland/9715293/2013_NIB-88,plate19_100k-ATAGGATATATGGCTG,0.0002514,interpolated,0.0003264,0.0003264,interpolated,4.148,0.6691,0,1,0.0003674
pilot,A230043d0_100k,A/Switzerland/9715293/2013_NIB-88,plate19_100k-CCCTCCTCAAGGGTAA,0.0003289,interpolated,0.0003659,0.0003659,interpolated,10,0.6723,0,1,0.0001207
pilot,A230043d0_100k,A/Switzerland/9715293/2013_NIB-88,plate19_100k-CGGGAAATGTAAATGA,0.0003106,interpolated,0.0003482,0.0003482,interpolated,7.752,0.7062,0,1,5.376e-05
pilot,A230043d0_100k,A/Cambodia/e0826360/2020,plate19_100k-ATTAGATTATAACGTA,0.0008683,interpolated,0.001093,0.001093,interpolated,4.678,0.6705,0,0.9134,0.09208
pilot,A230043d0_100k,A/Cambodia/e0826360/2020,plate19_100k-TTGACTCACCGAATAA,0.0008659,interpolated,0.0009585,0.0009585,interpolated,4.229,0.8254,0,0.9325,0.09361
pilot,A230043d0_100k,A/Cambodia/e0826360/2020,plate19_100k-TTGCAATTGAAACATA,0.0009219,interpolated,0.0009219,0.0009219,interpolated,2.506,1,0,0.9798,0.05845
pilot,A230043d0_100k,A/California/81/2023,plate19_100k-ATTTATATTGTCGAAC,0.002204,interpolated,0.002393,0.002393,interpolated,2.23,0.9161,0,0.9858,0.04628
pilot,A230043d0_100k,A/California/81/2023,plate19_100k-CCGATAAGACGTCGCT,0.001668,interpolated,0.002078,0.002078,interpolated,2.115,0.8141,0,0.9728,0.05627
pilot,A230043d0_100k,A/California/81/2023,plate19_100k-TTATGATCGAGGTAAA,0.001338,interpolated,0.001338,0.001338,interpolated,1.658,1,0,0.9962,0.02328
pilot,A230043d0_100k,A/Bhutan/FLU-BTG-00988/2022,plate19_100k-CAAGAAATGTAGTGAA,0.001554,interpolated,0.00165,0.00165,interpolated,1.459,0.9581,0,0.9687,0.06263
pilot,A230043d0_100k,A/Bhutan/FLU-BTG-00988/2022,plate19_100k-GGTTGCGTAGTTAATC,0.001876,interpolated,0.002056,0.002056,interpolated,1.715,0.9273,0,0.9603,0.0747
pilot,A230043d0_100k,A/Bhutan/FLU-BTG-00988/2022,plate19_100k-TCGCGGTAGATTTGCG,0.002483,interpolated,0.002542,0.002542,interpolated,1.658,0.9811,0,0.985,0.04698
pilot,A230043d0_100k,A/SouthSudan/631/2023,plate19_100k-CCAATAAAATACGATG,0.001375,interpolated,0.001375,0.001375,interpolated,1.4,1,0,0.9657,0.06838
pilot,A230043d0_100k,A/SouthSudan/631/2023,plate19_100k-CTGAAACCTTGTCCTA,0.002405,interpolated,0.002583,0.002583,interpolated,5.027,0.8494,0,0.9475,0.09138
pilot,A230043d0_100k,A/SouthSudan/631/2023,plate19_100k-TTAGTCATCTGGGTGC,0.001695,interpolated,0.001695,0.001695,interpolated,1.869,1,0,0.9926,0.0339
pilot,A230043d0_100k,A/Bangkok/P3755/2023,plate19_100k-CGCAAGGGATACTAAC,0.003113,interpolated,0.00349,0.00349,interpolated,1.74,0.9098,0,0.9609,0.07086
pilot,A230043d0_100k,A/Bangkok/P3755/2023,plate19_100k-TAGCTGGGCAAAGGCT,0.001947,interpolated,0.001947,0.001947,interpolated,1.272,1,0,0.9527,0.07915
pilot,A230043d0_100k,A/Bangkok/P3755/2023,plate19_100k-TATCATTTCATCTACA,0.003062,interpolated,0.003138,0.003138,interpolated,2.652,0.9686,0,0.9969,0.02314
pilot,A230043d0_100k,A/Singapore/INFIMH-16-0019/2016,plate19_100k-CGTACAGTGTAATCGA,0.0001953,upper,0.0002595,0.0002595,interpolated,1.543,0.6,0,0.9908,0.01194
pilot,A230043d0_100k,A/Singapore/INFIMH-16-0019/2016,plate19_100k-TACCAATGTCATTTGA,0.0001953,upper,0.0002309,0.0002309,interpolated,1.743,0.6,0,0.9596,0.02377
pilot,A230043d0_100k,A/Singapore/INFIMH-16-0019/2016,plate19_100k-TACTAGCAATAAAATC,0.0001953,upper,0.0001826,0.0001953,upper,1.89,0.6,0,0.9955,0.006231
pilot,A230043d0_100k,A/South_Africa/R05384/2023,plate19_100k-CTTACAAAGGTAATTC,0.001534,interpolated,0.001612,0.001612,interpolated,2.227,0.9477,0,0.9915,0.03629
pilot,A230043d0_100k,A/South_Africa/R05384/2023,plate19_100k-TTACGTCAATGTTTGA,0.001956,interpolated,0.002101,0.002101,interpolated,3.342,0.8934,0,0.9682,0.0725
pilot,A230043d0_100k,A/South_Africa/R05384/2023,plate19_100k-TTTATGCCGATAGAGA,0.001356,interpolated,0.001416,0.001416,interpolated,1.698,0.965,0,0.9806,0.05182
pilot,A230043d28_100k,A/KANAGAWA/AC2316/2023,plate19_100k-TGCCGATCCAATTGAT,0.0005105,interpolated,0.0007682,0.0007682,interpolated,3.688,0.6108,0,0.9965,0.01448
pilot,A230043d28_100k,A/KANAGAWA/AC2316/2023,plate19_100k-CTTGAATACACAAACA,0.0005016,interpolated,0.0006174,0.0006174,interpolated,2.563,0.7937,0,0.9977,0.01346
pilot,A230043d28_100k,A/KANAGAWA/AC2316/2023,plate19_100k-TATCCTTGAGTGGCTC,0.0005055,interpolated,0.0005055,0.0005055,interpolated,2.293,1,0,0.9755,0.05384
pilot,A230043d28_100k,A/Sydney/749/2023,plate19_100k-TCGTCCTAGAACCTAA,0.0003306,interpolated,0.0003306,0.0003306,interpolated,1.887,1,0,0.9959,0.01616
pilot,A230043d28_100k,A/Sydney/749/2023,plate19_100k-GTAGAAACTAGGAGTT,0.0003807,interpolated,0.0003807,0.0003807,interpolated,2.922,1,0,0.9894,0.032
pilot,A230043d28_100k,A/Sydney/749/2023,plate19_100k-AGCAGACACTTTACAT,0.0003076,interpolated,0.0003974,0.0003974,interpolated,1.632,0.8291,0,0.9927,0.01913
pilot,A230043d28_100k,A/South_Africa/R06359/2023,plate19_100k-AGTTATGTAAAACGTG,0.0006065,interpolated,0.0006065,0.0006065,interpolated,2.49,1,0,0.9909,0.03487
pilot,A230043d28_100k,A/South_Africa/R06359/2023,plate19_100k-CGCAGTACACAACAAG,0.0005591,interpolated,0.0005591,0.0005591,interpolated,1.98,1,0,0.9845,0.04205
pilot,A230043d28_100k,A/South_Africa/R06359/2023,plate19_100k-CATAATGCACAAACGC,0.0007281,interpolated,0.0007281,0.0007281,interpolated,4.453,1,0,0.9889,0.04359
pilot,A230043d28_100k,A/Townsville/68/2023,plate19_100k-GTTATAGAGTGCTTAC,0.000474,interpolated,0.000474,0.000474,interpolated,2.076,1,0,0.9981,0.01351
pilot,A230043d28_100k,A/Townsville/68/2023,plate19_100k-ACAGTACAGATATGAC,0.0004326,interpolated,0.0004369,0.0004369,interpolated,1.868,0.9908,0,0.9881,0.03181
pilot,A230043d28_100k,A/Townsville/68/2023,plate19_100k-TCCCGAACTGAACGCG,0.0004251,interpolated,0.0004251,0.0004251,interpolated,2.734,1,0,0.9745,0.05343
pilot,A230043d28_100k,A/Sydney/715/2023,plate19_100k-TACGACGGAAACAGAA,0.0003462,interpolated,0.0003462,0.0003462,interpolated,4.092,1,0,0.9353,0.08282
pilot,A230043d28_100k,A/Sydney/715/2023,plate19_100k-CTACACTACATCAAAT,0.0003176,interpolated,0.0003176,0.0003176,interpolated,1.306,1,0,0.981,0.03181
pilot,A230043d28_100k,A/Sydney/715/2023,plate19_100k-AATGACAGCTGTCTAG,0.0003452,interpolated,0.0003452,0.0003452,interpolated,2.959,1,0,0.9883,0.03152
pilot,A230043d28_100k,A/Netherlands/01685/2023,plate19_100k-GCATCCTTGTGTCGAA,0.0003226,interpolated,0.0005949,0.0005949,interpolated,2.44,0.6123,0,0.9997,0.003515
pilot,A230043d28_100k,A/Netherlands/01685/2023,plate19_100k-TGAGATCAGCCGGGTG,0.0003099,interpolated,0.0003504,0.0003504,interpolated,1.652,0.9081,0,0.9972,0.01206
pilot,A230043d28_100k,A/Netherlands/01685/2023,plate19_100k-GGCTATATATCTGTTT,0.0004064,interpolated,0.0005243,0.0005243,interpolated,2.116,0.7916,0,0.9981,0.01136
pilot,A230043d28_100k,A/South_Africa/R06477/2023,plate19_100k-GATCTGCTTGGAATGT,0.0003808,interpolated,0.0003808,0.0003808,interpolated,2.861,1,0,0.9833,0.04044
pilot,A230043d28_100k,A/South_Africa/R06477/2023,plate19_100k-TAAACAAAACCTATAC,0.0003654,interpolated,0.000429,0.000429,interpolated,2.331,0.8439,0,0.9998,0.003352
pilot,A230043d28_100k,A/South_Africa/R06477/2023,plate19_100k-ATTCAATACGTACTTA,0.0003653,interpolated,0.000443,0.000443,interpolated,2.019,0.8387,0,0.9929,0.02139
pilot,A230043d28_100k,A/South_Africa/R05510/2023,plate19_100k-CGCCGAACGGCGGCGC,0.000344,interpolated,0.000344,0.000344,interpolated,2.381,1,0,0.9745,0.04483
pilot,A230043d28_100k,A/South_Africa/R05510/2023,plate19_100k-CACCACAGTTACTTAA,0.0003154,interpolated,0.0004245,0.0004245,interpolated,2.116,0.7668,0,0.9952,0.01585
pilot,A230043d28_100k,A/South_Africa/R05510/2023,plate19_100k-TCCGCCACTATAACAT,0.0003995,interpolated,0.0005074,0.0005074,interpolated,2.582,0.7698,0,0.9989,0.008569
pilot,A230043d28_100k,A/Guangdong-Futian/1980/2023,plate19_100k-ACAAAGATAAAAATTT,0.0002906,interpolated,0.0004688,0.0004688,interpolated,2.325,0.6644,0,0.9995,0.004523
pilot,A230043d28_100k,A/Guangdong-Futian/1980/2023,plate19_100k-TTATGTTTTAATGGTA,0.0005991,interpolated,0.00068,0.00068,interpolated,10,0.641,0,0.9929,0.02278
pilot,A230043d28_100k,A/Guangdong-Futian/1980/2023,plate19_100k-ATGCGTCTAAACATAG,0.000523,interpolated,0.0007833,0.0007833,interpolated,3.985,0.6,0,0.9986,0.009315
pilot,A230043d28_100k,A/Victoria/1033/2023,plate19_100k-ATCGATTCGATTGACG,0.00102,interpolated,0.001198,0.001198,interpolated,10,0.6,0,0.9428,0.06347
pilot,A230043d28_100k,A/Victoria/1033/2023,plate19_100k-TCTTACATTGAAAGGC,0.000351,interpolated,0.0003864,0.0003864,interpolated,1.951,0.9145,0,0.9971,0.01365
pilot,A230043d28_100k,A/Victoria/1033/2023,plate19_100k-AACGACAACCATGAAT,0.0004285,interpolated,0.0005956,0.0005956,interpolated,1.843,0.7725,0,0.9684,0.04621
pilot,A230043d28_100k,A/Ontario/RV00796/2023,plate19_100k-TACCATTTTGGTCCGC,0.0006332,interpolated,0.000689,0.000689,interpolated,2.411,0.9078,0,0.9867,0.03838
pilot,A230043d28_100k,A/Ontario/RV00796/2023,plate19_100k-TCCAAACAGCGTTAAA,0.0007911,interpolated,0.0007911,0.0007911,interpolated,2.29,1,0,0.9968,0.02169
pilot,A230043d28_100k,A/Ontario/RV00796/2023,plate19_100k-TGGCTAGCGCACACCA,0.0005927,interpolated,0.0005927,0.0005927,interpolated,3.211,1,0,0.9976,0.01851
pilot,A230043d28_100k,A/Luga/RII-11393S/2023,plate19_100k-ATGGTTATCTTACCTT,0.0005731,interpolated,0.0005731,0.0005731,interpolated,2.518,1,0,0.9891,0.03777
pilot,A230043d28_100k,A/Luga/RII-11393S/2023,plate19_100k-CGTCAGAAGTTTATAA,0.0006775,interpolated,0.0006775,0.0006775,interpolated,3.162,1,0,0.9991,0.01143
pilot,A230043d28_100k,A/Luga/RII-11393S/2023,plate19_100k-CTCATTACAGAAATTG,0.0007011,interpolated,0.000703,0.000703,interpolated,4.54,0.9939,0,0.9994,0.01032
pilot,A230043d28_100k,A/Krabi/THIS050/2023,plate19_100k-TTAGCTACTAACCCGT,0.0002653,interpolated,0.0002653,0.0002653,interpolated,1.557,1,0,0.9843,0.02677
pilot,A230043d28_100k,A/Krabi/THIS050/2023,plate19_100k-AATTAATGGTAATAAA,0.0004093,interpolated,0.0005655,0.0005655,interpolated,2.552,0.7191,0,0.9992,0.006896
pilot,A230043d28_100k,A/Krabi/THIS050/2023,plate19_100k-CGCGAACAACAGGGGA,0.0004496,interpolated,0.0006099,0.0006099,interpolated,3.017,0.6992,0,0.9995,0.005634
pilot,A230043d28_100k,A/Darwin/6/2021,plate19_100k-GTTATTATGACTTCAT,0.0003619,interpolated,0.0005242,0.0005242,interpolated,3.34,0.6451,0,1,0.001238
pilot,A230043d28_100k,A/Darwin/6/2021,plate19_100k-CTATCTTAATCTACAG,0.0003531,interpolated,0.0003531,0.0003531,interpolated,5.235,1,0,0.9818,0.04447
pilot,A230043d28_100k,A/Darwin/6/2021,plate19_100k-CAATTCGCCGTTCCCC,0.0003484,interpolated,0.0003484,0.0003484,interpolated,5.369,1,0,0.9757,0.05114
pilot,A230043d28_100k,A/SouthSudan/631/2023,plate19_100k-CTGAAACCTTGTCCTA,0.0003544,interpolated,0.0003544,0.0003544,interpolated,4.871,1,0,0.9526,0.07019
pilot,A230043d28_100k,A/SouthSudan/631/2023,plate19_100k-TTAGTCATCTGGGTGC,0.0004193,interpolated,0.0004402,0.0004402,interpolated,2.887,0.9344,0,0.9995,0.006701
pilot,A230043d28_100k,A/SouthSudan/631/2023,plate19_100k-CCAATAAAATACGATG,0.0002882,interpolated,0.0002882,0.0002882,interpolated,1.644,1,0,0.9697,0.03995
pilot,A230043d28_100k,A/Hong_Kong/2671/2019,plate19_100k-TTCATCAAGTTGGTGC,0.0001953,upper,2.513e-09,0.0001953,upper,0.8,0.6002,0,-0.2037,9.43e-05
pilot,A230043d28_100k,A/Hong_Kong/2671/2019,plate19_100k-CGAAAACATTACAAAT,0.0001953,upper,9.52e-09,0.0001953,upper,0.8,0.6462,0,-0.3434,0.0001584
pilot,A230043d28_100k,A/Hong_Kong/2671/2019,plate19_100k-CGGGAATCTCCCATAC,0.0001953,upper,1.88e-10,0.0001953,upper,0.8,0.9822,0,-0.1419,0.0002218
pilot,A230043d28_100k,A/Massachusetts/18/2022,plate19_100k-CATTTCTGATGAATTG,0.0003335,interpolated,0.0003892,0.0003892,interpolated,1.778,0.8798,0,0.9964,0.01439
pilot,A230043d28_100k,A/Massachusetts/18/2022,plate19_100k-CGATCTTTACGAAAAA,0.0003735,interpolated,0.0003735,0.0003735,interpolated,1.268,1,0,0.8336,0.1105
pilot,A230043d28_100k,A/Massachusetts/18/2022,plate19_100k-TCCACACCCCTAGCTA,0.0002754,interpolated,0.0003706,0.0003706,interpolated,2.089,0.769,0,0.9998,0.00333
pilot,A230043d28_100k,A/Catalonia/NSVH102124476/2023,plate19_100k-ACTGAACAGTATAACT,0.0005093,interpolated,0.0005093,0.0005093,interpolated,2.338,1,0,0.984,0.04326
pilot,A230043d28_100k,A/Catalonia/NSVH102124476/2023,plate19_100k-AATATACCGGCACTAC,0.0004208,interpolated,0.0004733,0.0004733,interpolated,1.855,0.902,0,0.993,0.02283
pilot,A230043d28_100k,A/Catalonia/NSVH102124476/2023,plate19_100k-CTAAGGGCCTGTTCTT,0.0004238,interpolated,0.0004238,0.0004238,interpolated,1.817,1,0,0.9904,0.02827
pilot,A230043d28_100k,A/South_Africa/K056863/2023,plate19_100k-GAGCCCGAATAGCAAG,0.0002887,interpolated,0.0003069,0.0003069,interpolated,1.746,0.9494,0,0.9894,0.0233
pilot,A230043d28_100k,A/South_Africa/K056863/2023,plate19_100k-CCGCTATCATTAACCC,0.0002636,interpolated,0.0004697,0.0004697,interpolated,2.133,0.6458,0,0.9925,0.01763
pilot,A230043d28_100k,A/South_Africa/K056863/2023,plate19_100k-ATCGTCCCGGACATTT,0.0002687,interpolated,0.0006213,0.0006213,interpolated,1.92,0.6,0,0.9736,0.03219
pilot,A230043d28_100k,A/South_Africa/K056872/2023,plate19_100k-AAGAAAACGGAAAGAA,0.0003667,interpolated,0.0004356,0.0004356,interpolated,2.199,0.8424,0,0.9995,0.005696
pilot,A230043d28_100k,A/South_Africa/K056872/2023,plate19_100k-GCTGAAGACAGTATTA,0.0004015,interpolated,0.0004015,0.0004015,interpolated,2.18,1,0,0.9902,0.02922
pilot,A230043d28_100k,A/South_Africa/K056872/2023,plate19_100k-ATCGAAAAAACTGCAA,0.0003441,interpolated,0.0003441,0.0003441,interpolated,5.195,1,0,0.9599,0.06495
pilot,A230043d28_100k,A/Finland/399/2023,plate19_100k-TCAATGAATGCGGGGT,0.0002774,interpolated,0.0002774,0.0002774,interpolated,2.505,1,0,0.9955,0.0159
pilot,A230043d28_100k,A/Finland/399/2023,plate19_100k-CCACAAGTTTGAAAAC,0.0002622,interpolated,0.0002622,0.0002622,interpolated,1.824,1,0,0.9939,0.01684
pilot,A230043d28_100k,A/Finland/399/2023,plate19_100k-CCAGAGACACGCTAGG,0.000263,interpolated,0.0003755,0.0003755,interpolated,2.978,0.6731,0,0.9992,0.005562
pilot,A230043d28_100k,A/Hong_Kong/4801/2014_(15/192),plate19_100k-GGTTAACTTTGGAAGC,0.0001953,upper,1.103e-08,0.0001953,upper,0.8,0.6,0,0.329,8.463e-05
pilot,A230043d28_100k,A/Hong_Kong/4801/2014_(15/192),plate19_100k-ATTTACTCATTATACG,0.0001953,upper,9.99e-11,0.0001953,upper,1.5,0.9974,0,0,1.379e-10
pilot,A230043d28_100k,A/Hong_Kong/4801/2014_(15/192),plate19_100k-CACAGACAATAAAAAA,0.0001953,upper,7.371e-10,0.0001953,upper,0.8,0.9683,0,-0.1338,0.0002144
pilot,A230043d28_100k,A/Samut_Songkhram/THIS061/2023,plate19_100k-GAGATAGCCCAGAGGT,0.0003114,interpolated,0.0004701,0.0004701,interpolated,1.434,0.7769,0,0.8973,0.07432
pilot,A230043d28_100k,A/Samut_Songkhram/THIS061/2023,plate19_100k-CCTATTATAGCTAACA,0.0004057,interpolated,0.0005168,0.0005168,interpolated,2.203,0.7933,0,0.9954,0.01768
pilot,A230043d28_100k,A/Samut_Songkhram/THIS061/2023,plate19_100k-AAGTTGTACTTAAGGC,0.0003216,interpolated,0.0003216,0.0003216,interpolated,1.917,1,0,0.9909,0.0239
pilot,A230043d28_100k,A/SOUTH_AFRICA/R07876/2023,plate19_100k-AGACTGTACGCGACAG,0.0003294,interpolated,0.0007017,0.0007017,interpolated,2.128,0.6,0,0.9696,0.0383
pilot,A230043d28_100k,A/SOUTH_AFRICA/R07876/2023,plate19_100k-CTACTAGAGCAGCGAG,0.0003352,interpolated,0.0003465,0.0003465,interpolated,2.091,0.9666,0,0.998,0.01154
pilot,A230043d28_100k,A/SOUTH_AFRICA/R07876/2023,plate19_100k-TGATTCGTCAATTCAT,0.0003958,interpolated,0.0004295,0.0004295,interpolated,2.051,0.923,0,0.9988,0.009645
pilot,A230043d28_100k,A/Surat_Thani/P152/2023,plate19_100k-CAATGGATAATGATAG,0.0004207,interpolated,0.0004769,0.0004769,interpolated,2.675,0.8573,0,0.9991,0.008464
pilot,A230043d28_100k,A/Surat_Thani/P152/2023,plate19_100k-TTACGACGTCATGTAT,0.0003913,interpolated,0.0004979,0.0004979,interpolated,2.907,0.7483,0,0.9986,0.009602
pilot,A230043d28_100k,A/Surat_Thani/P152/2023,plate19_100k-GATTCACGGCCCACAA,0.0003125,interpolated,0.0006332,0.0006332,interpolated,2.083,0.6149,0,0.9374,0.05587
pilot,A230043d28_100k,A/Saint-Petersburg/RII-MH144112/2023,plate19_100k-GCTTTTGAGAACCATT,0.0005849,interpolated,0.0006578,0.0006578,interpolated,2.532,0.8714,0,0.9997,0.00526
pilot,A230043d28_100k,A/Saint-Petersburg/RII-MH144112/2023,plate19_100k-CCGGTTTTCGGGACCT,0.0005549,interpolated,0.0007245,0.0007245,interpolated,2.426,0.7618,0,0.9891,0.03005
pilot,A230043d28_100k,A/Saint-Petersburg/RII-MH144112/2023,plate19_100k-ATAAAGAATCCCTTGA,0.0004099,interpolated,0.0004452,0.0004452,interpolated,1.426,0.9445,0,0.9879,0.02838
pilot,A230043d28_100k,A/TECPAN/017FLU/2023,plate19_100k-ATAATAATCATCAAGA,0.0003893,interpolated,0.0003893,0.0003893,interpolated,2.573,1,0,0.9981,0.01316
pilot,A230043d28_100k,A/TECPAN/017FLU/2023,plate19_100k-CACCTTCATCCTAAAG,0.0003277,interpolated,0.0003277,0.0003277,interpolated,1.759,1,0,0.9836,0.03205
pilot,A230043d28_100k,A/TECPAN/017FLU/2023,plate19_100k-TACTGAGACACTTAAA,0.0003317,interpolated,0.0003317,0.0003317,interpolated,2.385,1,0,0.9952,0.01853
pilot,A230043d28_100k,A/Busan/1301/2023,plate19_100k-GCATTATAATCTTGTG,0.0003769,interpolated,0.0004832,0.0004832,interpolated,3.751,0.697,0,0.9999,0.002989
pilot,A230043d28_100k,A/Busan/1301/2023,plate19_100k-TAAAAGAATGATGGTC,0.00033,interpolated,0.00033,0.00033,interpolated,2.561,1,0,0.9954,0.01841
pilot,A230043d28_100k,A/Busan/1301/2023,plate19_100k-AATCCGGTTAACCCCG,0.0002866,interpolated,0.0003555,0.0003555,interpolated,2.324,0.8032,0,0.9992,0.006272
pilot,A230043d28_100k,A/Sydney/332/2023,plate19_100k-TATTATCTAAACGGCG,0.0004253,interpolated,0.0004253,0.0004253,interpolated,2.792,1,0,0.9757,0.05262
pilot,A230043d28_100k,A/Sydney/332/2023,plate19_100k-CCCCAGGTATAAAATA,0.0004434,interpolated,0.0004434,0.0004434,interpolated,2.551,1,0,0.9848,0.0408
pilot,A230043d28_100k,A/Sydney/332/2023,plate19_100k-GCCCATTGAACGCAGC,0.0004389,interpolated,0.0004389,0.0004389,interpolated,2.723,1,0,0.993,0.02771
pilot,A230043d28_100k,A/Sydney/710/2023,plate19_100k-CTTGTAAAACTATGAT,0.0006261,interpolated,0.0008693,0.0008693,interpolated,4.836,0.6023,0,0.9884,0.02736
pilot,A230043d28_100k,A/Sydney/710/2023,plate19_100k-GCCGTAGCGAAATCTT,0.0004724,interpolated,0.0004724,0.0004724,interpolated,2.448,1,0,0.9737,0.05556
pilot,A230043d28_100k,A/Sydney/710/2023,plate19_100k-TGATCCGCAAGCTTAG,0.0003162,interpolated,0.000707,0.000707,interpolated,2,0.6,0,0.949,0.04654
pilot,A230043d28_100k,A/Jeju/1047/2023,plate19_100k-TGAATTGCGTGATGGG,0.0003629,interpolated,0.0003629,0.0003629,interpolated,1.943,1,0,0.9818,0.03693
pilot,A230043d28_100k,A/Jeju/1047/2023,plate19_100k-AAATTTTTCTTTAGAC,0.0003489,interpolated,0.0003489,0.0003489,interpolated,1.733,1,0,0.975,0.04122
pilot,A230043d28_100k,A/Jeju/1047/2023,plate19_100k-AATGGTCGAGCCATTC,0.0005706,interpolated,0.0006631,0.0006631,interpolated,10,0.6113,0,0.9886,0.02774
pilot,A230043d28_100k,A/Bangkok/P3599/2023,plate19_100k-AGGTGCGAGCCATCAG,0.0003647,interpolated,0.0004713,0.0004713,interpolated,2.298,0.7773,0,0.995,0.01736
pilot,A230043d28_100k,A/Bangkok/P3599/2023,plate19_100k-GAAAGAAAGCTATATG,0.0003831,interpolated,0.0003831,0.0003831,interpolated,2.084,1,0,0.9804,0.04044
pilot,A230043d28_100k,A/Bangkok/P3599/2023,plate19_100k-TTACATTTTTAGAATT,0.0005703,interpolated,0.0006019,0.0006019,interpolated,5.029,0.8813,0,0.9981,0.0152
pilot,A230043d28_100k,A/SouthSudan/642/2023,plate19_100k-AATCTTTCCAATCTTG,0.0004364,interpolated,0.0004364,0.0004364,interpolated,2.714,1,0,0.9773,0.051
pilot,A230043d28_100k,A/SouthSudan/642/2023,plate19_100k-GCTAATTCCAAAAGCG,0.0003611,interpolated,0.0003611,0.0003611,interpolated,2.756,1,0,0.9761,0.04669
pilot,A230043d28_100k,A/SouthSudan/642/2023,plate19_100k-TCTTAACTACCCGATG,0.0005847,interpolated,0.0006681,0.0006681,interpolated,10,0.6317,0,0.9196,0.07732
pilot,A230043d28_100k,A/Bhutan/FLU-BTG-00988/2022,plate19_100k-GGTTGCGTAGTTAATC,0.000449,interpolated,0.0005371,0.0005371,interpolated,1.575,0.8771,0,0.9749,0.04234
pilot,A230043d28_100k,A/Bhutan/FLU-BTG-00988/2022,plate19_100k-CAAGAAATGTAGTGAA,0.0004212,interpolated,0.0005866,0.0005866,interpolated,2.27,0.7358,0,0.9915,0.02369
pilot,A230043d28_100k,A/Bhutan/FLU-BTG-00988/2022,plate19_100k-TCGCGGTAGATTTGCG,0.0004387,interpolated,0.0004387,0.0004387,interpolated,2.573,1,0,0.9977,0.01527
pilot,A230043d28_100k,A/Schleswig-Holstein/4/2023,plate19_100k-ACTATACATAGAAGAA,0.0003353,interpolated,0.0003507,0.0003507,interpolated,2.191,0.9532,0,0.9997,0.004342
pilot,A230043d28_100k,A/Schleswig-Holstein/4/2023,plate19_100k-CCAATCATGTATCACA,0.0003456,interpolated,0.0003532,0.0003532,interpolated,1.842,0.9803,0,0.9947,0.01876
pilot,A230043d28_100k,A/Schleswig-Holstein/4/2023,plate19_100k-ACGGACAACCTATCGC,0.0003161,interpolated,0.0003161,0.0003161,interpolated,2.98,1,0,0.9909,0.02618
pilot,A230043d28_100k,A/South_Africa/R07188/2023,plate19_100k-AAATGCTGAGAGGGTA,0.0003773,interpolated,0.0003817,0.0003817,interpolated,1.771,0.9899,0,0.9915,0.02473
pilot,A230043d28_100k,A/South_Africa/R07188/2023,plate19_100k-TAAACTGTAACTTACA,0.0003098,interpolated,0.0003098,0.0003098,interpolated,2.082,1,0,0.9872,0.02817
pilot,A230043d28_100k,A/South_Africa/R07188/2023,plate19_100k-AGTGCTATAAAAATCA,0.0003319,interpolated,0.0005039,0.0005039,interpolated,2.144,0.7042,0,0.9994,0.005571
pilot,A230043d28_100k,A/SouthAfrica/PET28931/2023,plate19_100k-AAAACAGGTCCGGTTT,0.0004232,interpolated,0.0006364,0.0006364,interpolated,3.208,0.635,0,0.9999,0.00174
pilot,A230043d28_100k,A/SouthAfrica/PET28931/2023,plate19_100k-ACCGTTTTTCTACCAG,0.0002652,interpolated,0.000591,0.000591,interpolated,1.866,0.6121,0,0.997,0.01098
pilot,A230043d28_100k,A/SouthAfrica/PET28931/2023,plate19_100k-GGCAATAAGTTAAATG,0.0003865,interpolated,0.0004627,0.0004627,interpolated,2.254,0.8332,0,0.9938,0.02041
pilot,A230043d28_100k,A/Hong_Kong/45/2019,plate19_100k-TAAAAAGCCTCCATGA,0.0001953,upper,0.0001628,0.0001953,upper,3.762,1,0,0.9995,0.002354
pilot,A230043d28_100k,A/Hong_Kong/45/2019,plate19_100k-CGGGGACAAGATTGTA,0.0001953,upper,0.0001715,0.0001953,upper,2.639,0.6,0,0.9974,0.004158
pilot,A230043d28_100k,A/Hong_Kong/45/2019,plate19_100k-TATCCAAGGGACGGAC,0.0002054,interpolated,0.0002054,0.0002054,interpolated,5.557,1,0,1,0.0002187
pilot,A230043d28_100k,A/Georgia/40/2023,plate19_100k-CCCATATACTCACAGA,0.000657,interpolated,0.0006995,0.0006995,interpolated,10,0.7674,0,0.9942,0.0245
pilot,A230043d28_100k,A/Georgia/40/2023,plate19_100k-CCACGCACTTAAATAA,0.0002259,interpolated,0.0002601,0.0002601,interpolated,1.801,0.888,0,0.999,0.005988
pilot,A230043d28_100k,A/Georgia/40/2023,plate19_100k-CCATATATAAGAAACC,0.000358,interpolated,0.000358,0.000358,interpolated,3.053,1,0,0.9762,0.04723
pilot,A230043d28_100k,A/YAMAGATA/98/2023,plate19_100k-CAACGTGATGAGGAAG,0.0005275,interpolated,0.0005275,0.0005275,interpolated,2.611,1,0,0.9908,0.0341
pilot,A230043d28_100k,A/YAMAGATA/98/2023,plate19_100k-TTAGCAGTTAACGTAT,0.0006432,interpolated,0.0006712,0.0006712,interpolated,3.763,0.9259,0,1,0.001238
pilot,A230043d28_100k,A/YAMAGATA/98/2023,plate19_100k-CCCGCTAACCCTGTCT,0.0008294,interpolated,0.0008371,0.0008371,interpolated,8.867,0.9607,0,1,0.002131
pilot,A230043d28_100k,A/EHIME/50/2023,plate19_100k-CAGTAGCAAAACATGC,0.0003271,interpolated,0.0004324,0.0004324,interpolated,2.065,0.781,0,0.9889,0.02478
pilot,A230043d28_100k,A/EHIME/50/2023,plate19_100k-CGCGAATCACTAAGTA,0.000423,interpolated,0.0005831,0.0005831,interpolated,3.129,0.6832,0,0.9986,0.009519
pilot,A230043d28_100k,A/EHIME/50/2023,plate19_100k-TTATAATGGCCGGTAT,0.0002711,interpolated,0.0005149,0.0005149,interpolated,2.509,0.6,0,0.9982,0.008587
pilot,A230043d28_100k,A/South_Africa/R06240/2023,plate19_100k-AGAAAAACGACATCAT,0.0004502,interpolated,0.0004502,0.0004502,interpolated,1.457,1,0,0.9499,0.06441
pilot,A230043d28_100k,A/South_Africa/R06240/2023,plate19_100k-CACCGACCAACTCTCT,0.0002954,interpolated,0.00044,0.00044,interpolated,2.473,0.6867,0,0.9964,0.01286
pilot,A230043d28_100k,A/South_Africa/R06240/2023,plate19_100k-CATATTCTAAAATTGA,0.0004455,interpolated,0.0005278,0.0005278,interpolated,1.974,0.8578,0,0.9947,0.02007
pilot,A230043d28_100k,A/Netherlands/01693/2023,plate19_100k-AACGACACTTACATCC,0.0006909,interpolated,0.0006909,0.0006909,interpolated,2.859,1,0,0.9928,0.03222
pilot,A230043d28_100k,A/Netherlands/01693/2023,plate19_100k-AAGCGGTTTAGGTCCA,0.0004012,interpolated,0.0005079,0.0005079,interpolated,1.602,0.8427,0,0.9741,0.04024
pilot,A230043d28_100k,A/Netherlands/01693/2023,plate19_100k-CCATCACCTTATACAC,0.0004344,interpolated,0.0004344,0.0004344,interpolated,2.664,1,0,0.974,0.05448
pilot,A230043d28_100k,A/Oman/3011/2023,plate19_100k-AATAGGCCCAAATCCA,0.0004115,interpolated,0.0004421,0.0004421,interpolated,2.184,0.9276,0,0.9992,0.007909
pilot,A230043d28_100k,A/Oman/3011/2023,plate19_100k-TACGAAAATCAAGAGC,0.0003718,interpolated,0.0004292,0.0004292,interpolated,2.328,0.858,0,0.9997,0.004475
pilot,A230043d28_100k,A/Oman/3011/2023,plate19_100k-TCCTTTAACTAATCGA,0.0003076,interpolated,0.0003608,0.0003608,interpolated,1.857,0.8717,0,0.999,0.007198
pilot,A230043d28_100k,A/Malaysia/IMR-SARI1989/2023,plate19_100k-AATTACGCATAGGCCA,0.000404,interpolated,0.000404,0.000404,interpolated,2.445,1,0,0.9733,0.0514
pilot,A230043d28_100k,A/Malaysia/IMR-SARI1989/2023,plate19_100k-TCAAACTATGATATTC,0.0002563,interpolated,0.0003455,0.0003455,interpolated,1.595,0.8106,0,0.9972,0.0106
pilot,A230043d28_100k,A/Malaysia/IMR-SARI1989/2023,plate19_100k-TAATAACTTGAGATTC,0.0004776,interpolated,0.000644,0.000644,interpolated,5.384,0.6,0,0.9981,0.01032
pilot,A230043d28_100k,A/Bangkok/P3755/2023,plate19_100k-CGCAAGGGATACTAAC,0.000478,interpolated,0.000478,0.000478,interpolated,1.806,1,0,0.9972,0.01583
pilot,A230043d28_100k,A/Bangkok/P3755/2023,plate19_100k-TAGCTGGGCAAAGGCT,0.0006409,interpolated,0.0006409,0.0006409,interpolated,2.055,1,0,0.9893,0.03683
pilot,A230043d28_100k,A/Bangkok/P3755/2023,plate19_100k-TATCATTTCATCTACA,0.0006069,interpolated,0.0006946,0.0006946,interpolated,2.939,0.8363,0,0.9981,0.01382
pilot,A230043d28_100k,A/South_Africa/R07073/2023,plate19_100k-CACCCAAACGTTCGCA,0.000357,interpolated,0.0004608,0.0004608,interpolated,2.521,0.7627,0,0.9982,0.0106
pilot,A230043d28_100k,A/South_Africa/R07073/2023,plate19_100k-CATCATTATTACAAAG,0.0004071,interpolated,0.0004071,0.0004071,interpolated,2.048,1,0,0.9933,0.02377
pilot,A230043d28_100k,A/South_Africa/R07073/2023,plate19_100k-CGGCTAAAGTCTATAG,0.0003864,interpolated,0.0003864,0.0003864,interpolated,2.048,1,0,0.9897,0.02901
pilot,A230043d28_100k,A/Brisbane/429/2023,plate19_100k-TTAACCTAACGTATAG,0.0006542,interpolated,0.0006542,0.0006542,interpolated,2.297,1,0,0.9835,0.0473
pilot,A230043d28_100k,A/Brisbane/429/2023,plate19_100k-TTGCTAGTCTACCTGA,0.0005384,interpolated,0.0005384,0.0005384,interpolated,1.939,1,0,0.9464,0.07894
pilot,A230043d28_100k,A/Brisbane/429/2023,plate19_100k-CTCCAATAGGAGACGA,0.0006147,interpolated,0.0006147,0.0006147,interpolated,2.808,1,0,0.9975,0.01864
pilot,A230043d28_100k,A/South_Africa/R06506/2023,plate19_100k-AAATACCCTTGAGATA,0.0005903,interpolated,0.0006611,0.0006611,interpolated,10,0.6611,0,0.9951,0.01972
pilot,A230043d28_100k,A/South_Africa/R06506/2023,plate19_100k-AAGTGGTAGGATAAAA,0.0002556,interpolated,0.0004306,0.0004306,interpolated,3.087,0.6,0,0.9987,0.007005
pilot,A230043d28_100k,A/South_Africa/R06506/2023,plate19_100k-ACCCTTTTAGATATGA,0.0004312,interpolated,0.0004312,0.0004312,interpolated,3.465,1,0,0.998,0.01533
pilot,A230043d28_100k,A/Netherlands/01760/2023,plate19_100k-AATCCGATAAGAGCTA,0.0003648,interpolated,0.0004242,0.0004242,interpolated,1.821,0.88,0,0.9888,0.02693
pilot,A230043d28_100k,A/Netherlands/01760/2023,plate19_100k-AACAAGGCCAACATTT,0.0002785,interpolated,0.0002785,0.0002785,interpolated,1.665,1,0,0.9807,0.03107
pilot,A230043d28_100k,A/Netherlands/01760/2023,plate19_100k-CTGTGAAAAAAAATAC,0.0005678,interpolated,0.0006382,0.0006382,interpolated,3.864,0.8183,0,0.9999,0.00377
pilot,A230043d28_100k,A/Finland/391/2023,plate19_100k-AGCTATGCCTAGTGAA,0.0009361,interpolated,0.001015,0.001015,interpolated,4.933,0.8358,0,0.9489,0.08615
pilot,A230043d28_100k,A/Finland/391/2023,plate19_100k-CCGCAATGACAATTTG,0.0003527,interpolated,0.0003527,0.0003527,interpolated,1.681,1,0,0.9971,0.01365
pilot,A230043d28_100k,A/Finland/391/2023,plate19_100k-TATCAATTCGGTATTA,0.0005449,interpolated,0.0005449,0.0005449,interpolated,1.97,1,0,0.9959,0.02091
pilot,A230043d28_100k,A/Hong_Kong/4801/2014,plate19_100k-ATTTTTCTATGGCTAC,0.0001953,upper,8.378e-05,0.0001953,upper,3.179,0.6,0,0.9998,0.0001807
pilot,A230043d28_100k,A/Hong_Kong/4801/2014,plate19_100k-TCTTAGAGTGAACGAT,0.0001953,upper,0.0001793,0.0001953,upper,7.332,0.6,0,1,1.711e-05
pilot,A230043d28_100k,A/Hong_Kong/4801/2014,plate19_100k-AAGTATTGCTACACAT,0.0001953,upper,5.295e-05,0.0001953,upper,2.265,0.6,0,0.9971,0.0005195
pilot,A230043d28_100k,A/Maldives/852/2023,plate19_100k-CAGCCGCTAAAATGAT,0.0003368,interpolated,0.0005337,0.0005337,interpolated,1.849,0.7135,0,0.976,0.03561
pilot,A230043d28_100k,A/Maldives/852/2023,plate19_100k-GGGTGCAATGAATCCA,0.0003641,interpolated,0.0003641,0.0003641,interpolated,4.637,1,0,0.9857,0.03963
pilot,A230043d28_100k,A/Maldives/852/2023,plate19_100k-AAGCTAATCGTAGTCC,0.0002749,interpolated,0.0003278,0.0003278,interpolated,1.801,0.8644,0,0.9991,0.006268
pilot,A230043d28_100k,A/SENDAI/45/2023,plate19_100k-CTGCGAATATTGTGAC,0.0006816,interpolated,0.0006837,0.0006837,interpolated,3.007,0.9954,0,0.9926,0.03317
pilot,A230043d28_100k,A/SENDAI/45/2023,plate19_100k-AAAGATAAATTCAAAA,0.0005508,interpolated,0.0005508,0.0005508,interpolated,2.313,1,0,0.9728,0.05875
pilot,A230043d28_100k,A/SENDAI/45/2023,plate19_100k-TGACAAACACCTGAGG,0.0005207,interpolated,0.0005207,0.0005207,interpolated,2.49,1,0,0.9845,0.04392
pilot,A230043d28_100k,A/Bhutan/0845/2023,plate19_100k-GACAGAAACAAAATTA,0.0005094,interpolated,0.0006574,0.0006574,interpolated,4.478,0.6595,0,0.9998,0.003717
pilot,A230043d28_100k,A/Bhutan/0845/2023,plate19_100k-AACAATTAATTTTTCA,0.0007983,interpolated,0.001042,0.001042,interpolated,6.041,0.6,0,0.9322,0.07245
pilot,A230043d28_100k,A/Bhutan/0845/2023,plate19_100k-AAGAAATTATGGCAGG,0.0003855,interpolated,0.0004491,0.0004491,interpolated,2.085,0.8637,0,0.992,0.02331
pilot,A230043d28_100k,A/South_Dakota/22/2023,plate19_100k-TCAACCCTTCGATGTA,0.0004043,interpolated,0.0004043,0.0004043,interpolated,3.19,1,0,0.9807,0.04691
pilot,A230043d28_100k,A/South_Dakota/22/2023,plate19_100k-AGGGACTTTATTGTCC,0.0002526,interpolated,0.0002526,0.0002526,interpolated,3.091,1,0,0.9889,0.02384
pilot,A230043d28_100k,A/South_Dakota/22/2023,plate19_100k-GAAGTAACAAACTATG,0.0003732,interpolated,0.0004757,0.0004757,interpolated,2.501,0.7725,0,0.9977,0.01203
pilot,A230043d28_100k,A/KANAGAWA/IC2239/2023,plate19_100k-TGTAGTATAAGAATAA,0.0006346,interpolated,0.0006346,0.0006346,interpolated,1.991,1,0,0.9639,0.06794
pilot,A230043d28_100k,A/KANAGAWA/IC2239/2023,plate19_100k-ACGTAAATCCCCACAA,0.0007825,interpolated,0.0008027,0.0008027,interpolated,5.602,0.9333,0,0.9978,0.01865
pilot,A230043d28_100k,A/KANAGAWA/IC2239/2023,plate19_100k-GACCAAAGCTGCAGGG,0.0004585,interpolated,0.0004585,0.0004585,interpolated,2.411,1,0,0.9592,0.06753
pilot,A230043d28_100k,A/Solwezi/13-NIC-001/2023,plate19_100k-AAACTTCGTGGTATAC,0.0004067,interpolated,0.0004067,0.0004067,interpolated,2.98,1,0,0.9753,0.05231
pilot,A230043d28_100k,A/Solwezi/13-NIC-001/2023,plate19_100k-CCACGTTCATTAGATG,0.0006564,interpolated,0.0007368,0.0007368,interpolated,10,0.6575,0,0.9727,0.0464
pilot,A230043d28_100k,A/Solwezi/13-NIC-001/2023,plate19_100k-TAGTTGCCCCGACCTG,0.0008244,interpolated,0.0008244,0.0008244,interpolated,9.318,1,0,1,0.0003959
pilot,A230043d28_100k,A/Singapore/INFIMH-16-0019/2016_X-307A,plate19_100k-AAAGACCTTTAACTCT,0.0001953,upper,2.826e-10,0.0001953,upper,0.8,0.9711,0,-0.1399,0.0002003
pilot,A230043d28_100k,A/Singapore/INFIMH-16-0019/2016_X-307A,plate19_100k-CAGATAGTGATGAACA,0.0001953,upper,2.64e-10,0.0001953,upper,0.8,0.9825,0,0.1098,1.607e-05
pilot,A230043d28_100k,A/Singapore/INFIMH-16-0019/2016_X-307A,plate19_100k-GTAATTCGCATGCGGA,0.0001953,upper,3.39e-09,0.0001953,upper,0.8,0.6585,0,-0.05949,0.0001576
pilot,A230043d28_100k,A/Darwin/9/2021,plate19_100k-AAAGTAGCAGAGGATT,0.0001953,upper,1.599e-05,0.0001953,upper,1.393,0.6,0,0.9539,0.001305
pilot,A230043d28_100k,A/Darwin/9/2021,plate19_100k-CAAAAGCAGCACGATA,0.0001953,upper,6.357e-05,0.0001953,upper,3.395,1,0,0.9992,0.0002005
pilot,A230043d28_100k,A/Darwin/9/2021,plate19_100k-CGTTAACGGCCTATCC,0.0001953,upper,9.544e-05,0.0001953,upper,3.746,1,0,0.9992,0.0006054
pilot,A230043d28_100k,A/Cambodia/e0826360/2020_egg,plate19_100k-AAATTCACAATATCCA,0.0001953,upper,2.129e-09,0.0001953,upper,1.5,0.997,0,-0.1426,9.242e-07
pilot,A230043d28_100k,A/Cambodia/e0826360/2020_egg,plate19_100k-ATAACGTTTGTGCAAA,0.0001953,upper,0.0001206,0.0001953,upper,8.298,1,0,0.9941,0.0004511
pilot,A230043d28_100k,A/Cambodia/e0826360/2020_egg,plate19_100k-TGTTGTAATCTGAATA,0.0001953,upper,8.648e-09,0.0001953,upper,0.8,0.6,0,-0.05948,0.0003035
pilot,A230043d28_100k,A/Kansas/14/2017,plate19_100k-AACCACCCCAGAGATG,0.0001953,upper,0.0002651,0.0002651,interpolated,3.195,0.6,0,0.9998,0.002265
pilot,A230043d28_100k,A/Kansas/14/2017,plate19_100k-GCAACGAGGTGTAACC,0.0003136,interpolated,0.0003298,0.0003298,interpolated,4.626,0.8962,0,1,0.0002576
pilot,A230043d28_100k,A/Kansas/14/2017,plate19_100k-TATACTCACGGAGGAT,0.0001953,upper,0.0002309,0.0002309,interpolated,3.526,0.6,0,0.9998,0.001906
pilot,A230043d28_100k,A/Texas/50/2012,plate19_100k-AACCGTACCGCGTTTA,0.0001953,upper,7.152e-11,0.0001953,upper,0.8167,0.9803,0,-0.142,7.142e-05
pilot,A230043d28_100k,A/Texas/50/2012,plate19_100k-AGTTCCATAGGCATGG,0.0001953,upper,1.435e-10,0.0001953,upper,0.8175,0.9998,0,-0.1772,6.03e-05
pilot,A230043d28_100k,A/Texas/50/2012,plate19_100k-TGAGTTCATAGCTCCA,0.0001953,upper,3.845e-09,0.0001953,upper,0.8,0.6001,0,0.05847,6.626e-05
pilot,A230043d28_100k,A/Texas/50/2012_X-223A_(13/252),plate19_100k-ACGCAAATAGACCGAA,0.0001953,upper,1.114e-09,0.0001953,upper,1.5,0.9981,0,-0.1426,3.476e-07
pilot,A230043d28_100k,A/Texas/50/2012_X-223A_(13/252),plate19_100k-ATAGAAAATTATCCGC,0.0001953,upper,9.99e-11,0.0001953,upper,1.5,0.9974,0,0,1.379e-10
pilot,A230043d28_100k,A/Texas/50/2012_X-223A_(13/252),plate19_100k-TCCCCGTGGTTTGACA,0.0001953,upper,6.961e-09,0.0001953,upper,0.8,0.6,0,-0.06111,0.000255
pilot,A230043d28_100k,A/Thailand/8/2022,plate19_100k-AGACCATCGCACCCAA,0.0001953,upper,0.0002522,0.0002522,interpolated,3.028,0.6,0,1,0.0008476
pilot,A230043d28_100k,A/Thailand/8/2022,plate19_100k-CATAAAAGACTGTATA,0.0001953,upper,0.000217,0.000217,interpolated,2.289,0.6,0,1,0.0006134
pilot,A230043d28_100k,A/Thailand/8/2022,plate19_100k-CGTACGTATGTCCCAG,0.0001953,upper,0.0002325,0.0002325,interpolated,2.063,0.6,0,0.9988,0.004158
pilot,A230043d28_100k,A/Catalonia/2041146NS/2023,plate19_100k-AGATCATAAGCAATAA,0.000472,interpolated,0.0008108,0.0008108,interpolated,2.681,0.6172,0,0.9935,0.01964
pilot,A230043d28_100k,A/Catalonia/2041146NS/2023,plate19_100k-GACATCAAATAGCAAC,0.0004833,interpolated,0.0004833,0.0004833,interpolated,2.375,1,0,0.9958,0.02135
pilot,A230043d28_100k,A/Catalonia/2041146NS/2023,plate19_100k-TAGATAATAAGATTCA,0.0005277,interpolated,0.0005388,0.0005388,interpolated,2.042,0.9793,0,0.9945,0.02375
pilot,A230043d28_100k,A/Wisconsin/27/2023,plate19_100k-AGATGGAGGAATAAAC,0.0002884,interpolated,0.0004047,0.0004047,interpolated,1.684,0.7826,0,0.9764,0.03347
pilot,A230043d28_100k,A/Wisconsin/27/2023,plate19_100k-CAAGACAAGCCCTATA,0.0006144,interpolated,0.0007217,0.0007217,interpolated,10,0.6,0,0.9759,0.03757
pilot,A230043d28_100k,A/Wisconsin/27/2023,plate19_100k-CCTATAAGGCCTTACG,0.0002992,interpolated,0.0002992,0.0002992,interpolated,1.836,1,0,0.9886,0.02543
pilot,A230043d28_100k,A/Saskatchewan/SKFLU317847/2023,plate19_100k-AGCATGAGCTTGTCAT,0.0004603,interpolated,0.0005523,0.0005523,interpolated,2.919,0.7937,0,0.9982,0.01193
pilot,A230043d28_100k,A/Saskatchewan/SKFLU317847/2023,plate19_100k-GACCAAAAAGCAGTAT,0.0004738,interpolated,0.0004738,0.0004738,interpolated,1.584,1,0,0.935,0.07736
pilot,A230043d28_100k,A/Saskatchewan/SKFLU317847/2023,plate19_100k-GTTTTTCACTGAGTAG,0.0004102,interpolated,0.0004102,0.0004102,interpolated,2.194,1,0,0.9847,0.03746
pilot,A230043d28_100k,A/Switzerland/9715293/2013,plate19_100k-AGCTGAATTAAGTATG,0.0001953,upper,0.0001782,0.0001953,upper,2.296,1,0,0.9923,0.01286
pilot,A230043d28_100k,A/Switzerland/9715293/2013,plate19_100k-CCAATCCCAGCCTTTA,0.0005109,interpolated,0.0006001,0.0006001,interpolated,10,0.6,0,0.9587,0.04682
pilot,A230043d28_100k,A/Switzerland/9715293/2013,plate19_100k-TCGATTACTAGCCGGA,0.0001953,upper,0.0001913,0.0001953,upper,3.376,1,0,0.9999,0.00164
pilot,A230043d28_100k,A/Switzerland/9715293/2013_NIB-88,plate19_100k-ATAGGATATATGGCTG,0.0001953,upper,0.0001312,0.0001953,upper,10,1,0,0.9997,0.0001116
pilot,A230043d28_100k,A/Switzerland/9715293/2013_NIB-88,plate19_100k-CCCTCCTCAAGGGTAA,0.0001953,upper,0.0001102,0.0001953,upper,9.973,1,0,1,1.17e-06
pilot,A230043d28_100k,A/Switzerland/9715293/2013_NIB-88,plate19_100k-CGGGAAATGTAAATGA,0.0001953,upper,0.0001305,0.0001953,upper,10,1,0,0.9999,6.786e-05
pilot,A230043d28_100k,A/Cambodia/e0826360/2020,plate19_100k-ATTAGATTATAACGTA,0.0004086,interpolated,0.000536,0.000536,interpolated,5.928,0.6,0,0.9346,0.05339
pilot,A230043d28_100k,A/Cambodia/e0826360/2020,plate19_100k-TTGACTCACCGAATAA,0.0001953,upper,0.0002676,0.0002676,interpolated,2.339,0.6,0,0.9937,0.0108
pilot,A230043d28_100k,A/Cambodia/e0826360/2020,plate19_100k-TTGCAATTGAAACATA,0.0002363,interpolated,0.0002363,0.0002363,interpolated,3.734,1,0,0.9919,0.01967
pilot,A230043d28_100k,A/California/81/2023,plate19_100k-ATTTATATTGTCGAAC,0.000358,interpolated,0.0004451,0.0004451,interpolated,2.081,0.8178,0,0.9971,0.01342
pilot,A230043d28_100k,A/California/81/2023,plate19_100k-CCGATAAGACGTCGCT,0.0004293,interpolated,0.0005483,0.0005483,interpolated,2.826,0.7505,0,0.9999,0.001993
pilot,A230043d28_100k,A/California/81/2023,plate19_100k-TTATGATCGAGGTAAA,0.0003825,interpolated,0.0005023,0.0005023,interpolated,1.81,0.8054,0,0.995,0.01755
pilot,A230043d28_100k,A/Bhutan/0006/2023,plate19_100k-CAAAAAGCTAATAAGT,0.0004474,interpolated,0.0004724,0.0004724,interpolated,4.213,0.8976,0,1,0.002066
pilot,A230043d28_100k,A/Bhutan/0006/2023,plate19_100k-GAAAATCGAGCTTTAA,0.0003061,interpolated,0.0003061,0.0003061,interpolated,1.795,1,0,0.9834,0.03113
pilot,A230043d28_100k,A/Bhutan/0006/2023,plate19_100k-GACCTCCTGGGCACGC,0.0006426,interpolated,0.0007196,0.0007196,interpolated,10,0.6612,0,0.9968,0.01589
pilot,A230043d28_100k,A/Romania/543634/2022,plate19_100k-CACGTTAGTGAGACTT,0.0003176,interpolated,0.0004661,0.0004661,interpolated,2.376,0.701,0,0.9999,0.002673
pilot,A230043d28_100k,A/Romania/543634/2022,plate19_100k-CTTCATCTCATTTAAA,0.000366,interpolated,0.0003757,0.0003757,interpolated,2.077,0.9737,0,0.9996,0.005693
pilot,A230043d28_100k,A/Romania/543634/2022,plate19_100k-TTTACTCGACTAACCG,0.0006259,interpolated,0.0007074,0.0007074,interpolated,10,0.6471,0,0.9999,0.003277
pilot,A230043d28_100k,A/Chipata/15-NIC-001/2023,plate19_100k-CAGTGCCATCCATCCA,0.0003557,interpolated,0.0003724,0.0003724,interpolated,1.605,0.9645,0,0.9972,0.01326
pilot,A230043d28_100k,A/Chipata/15-NIC-001/2023,plate19_100k-CGTATAACTGACGATT,0.0003367,interpolated,0.000565,0.000565,interpolated,1.844,0.6925,0,0.9873,0.02543
pilot,A230043d28_100k,A/Chipata/15-NIC-001/2023,plate19_100k-TTTCATATAATTTGAG,0.0003818,interpolated,0.0003818,0.0003818,interpolated,2.063,1,0,0.9821,0.03827
pilot,A230043d28_100k,A/Singapore/INFIMH-16-0019/2016,plate19_100k-CGTACAGTGTAATCGA,0.0001953,upper,0.000143,0.0001953,upper,10,1,0,0.9999,0.0001291
pilot,A230043d28_100k,A/Singapore/INFIMH-16-0019/2016,plate19_100k-TACCAATGTCATTTGA,0.0001953,upper,8.461e-05,0.0001953,upper,1.674,0.6,0,0.9717,0.006729
pilot,A230043d28_100k,A/Singapore/INFIMH-16-0019/2016,plate19_100k-TACTAGCAATAAAATC,0.0001953,upper,0.0001628,0.0001953,upper,10,1,0,1,6.184e-05
pilot,A230043d28_100k,A/South_Africa/R05384/2023,plate19_100k-CTTACAAAGGTAATTC,0.0004203,interpolated,0.0004203,0.0004203,interpolated,2.377,1,0,0.9967,0.0177
pilot,A230043d28_100k,A/South_Africa/R05384/2023,plate19_100k-TTACGTCAATGTTTGA,0.0004122,interpolated,0.0004122,0.0004122,interpolated,3.176,1,0,0.9839,0.04304
pilot,A230043d28_100k,A/South_Africa/R05384/2023,plate19_100k-TTTATGCCGATAGAGA,0.0004409,interpolated,0.0006387,0.0006387,interpolated,2.651,0.6871,0,0.9928,0.02167
pilot,A230043d28_100k,A/Abu_Dhabi/6753/2023,plate19_100k-GCTGGTGCACAAGATT,0.0004461,interpolated,0.0004941,0.0004941,interpolated,2.851,0.8736,0,0.9985,0.01148
pilot,A230043d28_100k,A/Abu_Dhabi/6753/2023,plate19_100k-TATCGCAATATGATAA,0.0004605,interpolated,0.0005478,0.0005478,interpolated,2.379,0.8308,0,0.9936,0.02293
pilot,A230043d28_100k,A/Abu_Dhabi/6753/2023,plate19_100k-TCTTGAATTTCATGGA,0.0004648,interpolated,0.0005128,0.0005128,interpolated,2.83,0.8787,0,0.9986,0.01123
