serum,strain,plate_barcode,dilution_factor,frac_infectivity_raw,frac_infectivity_ceiling
A23038d0_r128_50K,A/Cambodia/e0826360/2020_egg,plate10_r128_50k-AAATTCACAATATCCA,100,0,0
A23038d0_r128_50K,A/Cambodia/e0826360/2020_egg,plate10_r128_50k-AAATTCACAATATCCA,200,0,0
A23038d0_r128_50K,A/Cambodia/e0826360/2020_egg,plate10_r128_50k-AAATTCACAATATCCA,400,0,0
A23038d0_r128_50K,A/Cambodia/e0826360/2020_egg,plate10_r128_50k-AAATTCACAATATCCA,800,0,0
A23038d0_r128_50K,A/Cambodia/e0826360/2020_egg,plate10_r128_50k-AAATTCACAATATCCA,1600,0.5072,0.5072
A23038d0_r128_50K,A/Cambodia/e0826360/2020_egg,plate10_r128_50k-AAATTCACAATATCCA,3200,0.01598,0.01598
A23038d0_r128_50K,A/Cambodia/e0826360/2020_egg,plate10_r128_50k-AAATTCACAATATCCA,6400,0.1912,0.1912
A23038d0_r128_50K,A/Cambodia/e0826360/2020_egg,plate10_r128_50k-AAATTCACAATATCCA,1.28e+04,1.534,1
A23038d0_r128_50K,A/Netherlands/01693/2023,plate10_r128_50k-AACGACACTTACATCC,100,0.007329,0.007329
A23038d0_r128_50K,A/Netherlands/01693/2023,plate10_r128_50k-AACGACACTTACATCC,200,0,0
A23038d0_r128_50K,A/Netherlands/01693/2023,plate10_r128_50k-AACGACACTTACATCC,400,0.006832,0.006832
A23038d0_r128_50K,A/Netherlands/01693/2023,plate10_r128_50k-AACGACACTTACATCC,800,0.4512,0.4512
A23038d0_r128_50K,A/Netherlands/01693/2023,plate10_r128_50k-AACGACACTTACATCC,1600,0.0003235,0.0003235
A23038d0_r128_50K,A/Netherlands/01693/2023,plate10_r128_50k-AACGACACTTACATCC,3200,0.1667,0.1667
A23038d0_r128_50K,A/Netherlands/01693/2023,plate10_r128_50k-AACGACACTTACATCC,6400,0.1667,0.1667
A23038d0_r128_50K,A/Netherlands/01693/2023,plate10_r128_50k-AACGACACTTACATCC,1.28e+04,0.4749,0.4749
A23038d0_r128_50K,A/South_Africa/K056872/2023,plate10_r128_50k-AAGAAAACGGAAAGAA,100,0.01151,0.01151
A23038d0_r128_50K,A/South_Africa/K056872/2023,plate10_r128_50k-AAGAAAACGGAAAGAA,200,0.01944,0.01944
A23038d0_r128_50K,A/South_Africa/K056872/2023,plate10_r128_50k-AAGAAAACGGAAAGAA,400,0.08868,0.08868
A23038d0_r128_50K,A/South_Africa/K056872/2023,plate10_r128_50k-AAGAAAACGGAAAGAA,800,0.001064,0.001064
A23038d0_r128_50K,A/South_Africa/K056872/2023,plate10_r128_50k-AAGAAAACGGAAAGAA,1600,0.3257,0.3257
A23038d0_r128_50K,A/South_Africa/K056872/2023,plate10_r128_50k-AAGAAAACGGAAAGAA,3200,0.9361,0.9361
A23038d0_r128_50K,A/South_Africa/K056872/2023,plate10_r128_50k-AAGAAAACGGAAAGAA,6400,0.07867,0.07867
A23038d0_r128_50K,A/South_Africa/K056872/2023,plate10_r128_50k-AAGAAAACGGAAAGAA,1.28e+04,1.544,1
A23038d0_r128_50K,A/Maldives/852/2023,plate10_r128_50k-AAGCTAATCGTAGTCC,100,0.00068,0.00068
A23038d0_r128_50K,A/Maldives/852/2023,plate10_r128_50k-AAGCTAATCGTAGTCC,200,0.0222,0.0222
A23038d0_r128_50K,A/Maldives/852/2023,plate10_r128_50k-AAGCTAATCGTAGTCC,400,0.5965,0.5965
A23038d0_r128_50K,A/Maldives/852/2023,plate10_r128_50k-AAGCTAATCGTAGTCC,800,0.9973,0.9973
A23038d0_r128_50K,A/Maldives/852/2023,plate10_r128_50k-AAGCTAATCGTAGTCC,1600,2.906,1
A23038d0_r128_50K,A/Maldives/852/2023,plate10_r128_50k-AAGCTAATCGTAGTCC,3200,0.04106,0.04106
A23038d0_r128_50K,A/Maldives/852/2023,plate10_r128_50k-AAGCTAATCGTAGTCC,1.28e+04,0.7056,0.7056
A23038d0_r128_50K,A/Hong_Kong/4801/2014,plate10_r128_50k-AAGTATTGCTACACAT,100,0,0
A23038d0_r128_50K,A/Hong_Kong/4801/2014,plate10_r128_50k-AAGTATTGCTACACAT,200,0,0
A23038d0_r128_50K,A/Hong_Kong/4801/2014,plate10_r128_50k-AAGTATTGCTACACAT,400,0,0
A23038d0_r128_50K,A/Hong_Kong/4801/2014,plate10_r128_50k-AAGTATTGCTACACAT,800,0,0
A23038d0_r128_50K,A/Hong_Kong/4801/2014,plate10_r128_50k-AAGTATTGCTACACAT,1600,0.002543,0.002543
A23038d0_r128_50K,A/Hong_Kong/4801/2014,plate10_r128_50k-AAGTATTGCTACACAT,3200,0.02197,0.02197
A23038d0_r128_50K,A/Hong_Kong/4801/2014,plate10_r128_50k-AAGTATTGCTACACAT,6400,0.3191,0.3191
A23038d0_r128_50K,A/Hong_Kong/4801/2014,plate10_r128_50k-AAGTATTGCTACACAT,1.28e+04,0.008678,0.008678
A23038d0_r128_50K,A/Catalonia/NSVH102124476/2023,plate10_r128_50k-AATATACCGGCACTAC,100,0.0006223,0.0006223
A23038d0_r128_50K,A/Catalonia/NSVH102124476/2023,plate10_r128_50k-AATATACCGGCACTAC,200,0.007901,0.007901
A23038d0_r128_50K,A/Catalonia/NSVH102124476/2023,plate10_r128_50k-AATATACCGGCACTAC,400,0.00165,0.00165
A23038d0_r128_50K,A/Catalonia/NSVH102124476/2023,plate10_r128_50k-AATATACCGGCACTAC,800,0.4096,0.4096
A23038d0_r128_50K,A/Catalonia/NSVH102124476/2023,plate10_r128_50k-AATATACCGGCACTAC,1600,0.0141,0.0141
A23038d0_r128_50K,A/Catalonia/NSVH102124476/2023,plate10_r128_50k-AATATACCGGCACTAC,3200,0.7535,0.7535
A23038d0_r128_50K,A/Catalonia/NSVH102124476/2023,plate10_r128_50k-AATATACCGGCACTAC,6400,0.9188,0.9188
A23038d0_r128_50K,A/Catalonia/NSVH102124476/2023,plate10_r128_50k-AATATACCGGCACTAC,1.28e+04,0.3676,0.3676
A23038d0_r128_50K,A/Busan/1301/2023,plate10_r128_50k-AATCCGGTTAACCCCG,100,0.03268,0.03268
A23038d0_r128_50K,A/Busan/1301/2023,plate10_r128_50k-AATCCGGTTAACCCCG,200,0.006288,0.006288
A23038d0_r128_50K,A/Busan/1301/2023,plate10_r128_50k-AATCCGGTTAACCCCG,400,0.1193,0.1193
A23038d0_r128_50K,A/Busan/1301/2023,plate10_r128_50k-AATCCGGTTAACCCCG,800,0.1992,0.1992
A23038d0_r128_50K,A/Busan/1301/2023,plate10_r128_50k-AATCCGGTTAACCCCG,1600,0.08695,0.08695
A23038d0_r128_50K,A/Busan/1301/2023,plate10_r128_50k-AATCCGGTTAACCCCG,3200,1.378,1
A23038d0_r128_50K,A/Busan/1301/2023,plate10_r128_50k-AATCCGGTTAACCCCG,6400,1.092,1
A23038d0_r128_50K,A/Busan/1301/2023,plate10_r128_50k-AATCCGGTTAACCCCG,1.28e+04,0.09265,0.09265
A23038d0_r128_50K,A/SouthSudan/642/2023,plate10_r128_50k-AATCTTTCCAATCTTG,100,0,0
A23038d0_r128_50K,A/SouthSudan/642/2023,plate10_r128_50k-AATCTTTCCAATCTTG,200,0,0
A23038d0_r128_50K,A/SouthSudan/642/2023,plate10_r128_50k-AATCTTTCCAATCTTG,400,0.008504,0.008504
A23038d0_r128_50K,A/SouthSudan/642/2023,plate10_r128_50k-AATCTTTCCAATCTTG,800,0.4013,0.4013
A23038d0_r128_50K,A/SouthSudan/642/2023,plate10_r128_50k-AATCTTTCCAATCTTG,1600,0.2646,0.2646
A23038d0_r128_50K,A/SouthSudan/642/2023,plate10_r128_50k-AATCTTTCCAATCTTG,3200,0.0571,0.0571
A23038d0_r128_50K,A/SouthSudan/642/2023,plate10_r128_50k-AATCTTTCCAATCTTG,6400,0.2467,0.2467
A23038d0_r128_50K,A/SouthSudan/642/2023,plate10_r128_50k-AATCTTTCCAATCTTG,1.28e+04,0.2095,0.2095
A23038d0_r128_50K,A/Krabi/THIS050/2023,plate10_r128_50k-AATTAATGGTAATAAA,100,0.003174,0.003174
A23038d0_r128_50K,A/Krabi/THIS050/2023,plate10_r128_50k-AATTAATGGTAATAAA,200,0.01599,0.01599
A23038d0_r128_50K,A/Krabi/THIS050/2023,plate10_r128_50k-AATTAATGGTAATAAA,400,0.007212,0.007212
A23038d0_r128_50K,A/Krabi/THIS050/2023,plate10_r128_50k-AATTAATGGTAATAAA,800,0.1603,0.1603
A23038d0_r128_50K,A/Krabi/THIS050/2023,plate10_r128_50k-AATTAATGGTAATAAA,1600,0.9519,0.9519
A23038d0_r128_50K,A/Krabi/THIS050/2023,plate10_r128_50k-AATTAATGGTAATAAA,3200,0.5378,0.5378
A23038d0_r128_50K,A/Krabi/THIS050/2023,plate10_r128_50k-AATTAATGGTAATAAA,6400,0.3788,0.3788
A23038d0_r128_50K,A/Krabi/THIS050/2023,plate10_r128_50k-AATTAATGGTAATAAA,1.28e+04,0.283,0.283
A23038d0_r128_50K,A/Guangdong-Futian/1980/2023,plate10_r128_50k-ACAAAGATAAAAATTT,100,0.004088,0.004088
A23038d0_r128_50K,A/Guangdong-Futian/1980/2023,plate10_r128_50k-ACAAAGATAAAAATTT,200,0.004944,0.004944
A23038d0_r128_50K,A/Guangdong-Futian/1980/2023,plate10_r128_50k-ACAAAGATAAAAATTT,400,0.006813,0.006813
A23038d0_r128_50K,A/Guangdong-Futian/1980/2023,plate10_r128_50k-ACAAAGATAAAAATTT,800,0.001096,0.001096
A23038d0_r128_50K,A/Guangdong-Futian/1980/2023,plate10_r128_50k-ACAAAGATAAAAATTT,1600,1.746,1
A23038d0_r128_50K,A/Guangdong-Futian/1980/2023,plate10_r128_50k-ACAAAGATAAAAATTT,3200,0.9728,0.9728
A23038d0_r128_50K,A/Guangdong-Futian/1980/2023,plate10_r128_50k-ACAAAGATAAAAATTT,6400,1.19,1
A23038d0_r128_50K,A/Guangdong-Futian/1980/2023,plate10_r128_50k-ACAAAGATAAAAATTT,1.28e+04,1.173,1
A23038d0_r128_50K,A/Townsville/68/2023,plate10_r128_50k-ACAGTACAGATATGAC,100,0.01237,0.01237
A23038d0_r128_50K,A/Townsville/68/2023,plate10_r128_50k-ACAGTACAGATATGAC,200,0.004821,0.004821
A23038d0_r128_50K,A/Townsville/68/2023,plate10_r128_50k-ACAGTACAGATATGAC,400,0.01874,0.01874
A23038d0_r128_50K,A/Townsville/68/2023,plate10_r128_50k-ACAGTACAGATATGAC,800,0.3424,0.3424
A23038d0_r128_50K,A/Townsville/68/2023,plate10_r128_50k-ACAGTACAGATATGAC,1600,1.142,1
A23038d0_r128_50K,A/Townsville/68/2023,plate10_r128_50k-ACAGTACAGATATGAC,3200,0.4383,0.4383
A23038d0_r128_50K,A/Townsville/68/2023,plate10_r128_50k-ACAGTACAGATATGAC,6400,0.2302,0.2302
A23038d0_r128_50K,A/Townsville/68/2023,plate10_r128_50k-ACAGTACAGATATGAC,1.28e+04,0.3874,0.3874
A23038d0_r128_50K,A/Schleswig-Holstein/4/2023,plate10_r128_50k-ACTATACATAGAAGAA,100,0.006057,0.006057
A23038d0_r128_50K,A/Schleswig-Holstein/4/2023,plate10_r128_50k-ACTATACATAGAAGAA,200,0.003139,0.003139
A23038d0_r128_50K,A/Schleswig-Holstein/4/2023,plate10_r128_50k-ACTATACATAGAAGAA,400,2.949,1
A23038d0_r128_50K,A/Schleswig-Holstein/4/2023,plate10_r128_50k-ACTATACATAGAAGAA,800,0.3387,0.3387
A23038d0_r128_50K,A/Schleswig-Holstein/4/2023,plate10_r128_50k-ACTATACATAGAAGAA,1600,0.5595,0.5595
A23038d0_r128_50K,A/Schleswig-Holstein/4/2023,plate10_r128_50k-ACTATACATAGAAGAA,3200,0.2534,0.2534
A23038d0_r128_50K,A/Schleswig-Holstein/4/2023,plate10_r128_50k-ACTATACATAGAAGAA,1.28e+04,2.045,1
A23038d0_r128_50K,A/Catalonia/2041146NS/2023,plate10_r128_50k-AGATCATAAGCAATAA,100,0.007145,0.007145
A23038d0_r128_50K,A/Catalonia/2041146NS/2023,plate10_r128_50k-AGATCATAAGCAATAA,200,0.0108,0.0108
A23038d0_r128_50K,A/Catalonia/2041146NS/2023,plate10_r128_50k-AGATCATAAGCAATAA,400,0,0
A23038d0_r128_50K,A/Catalonia/2041146NS/2023,plate10_r128_50k-AGATCATAAGCAATAA,800,0.0249,0.0249
A23038d0_r128_50K,A/Catalonia/2041146NS/2023,plate10_r128_50k-AGATCATAAGCAATAA,1600,0.1819,0.1819
A23038d0_r128_50K,A/Catalonia/2041146NS/2023,plate10_r128_50k-AGATCATAAGCAATAA,3200,0.7298,0.7298
A23038d0_r128_50K,A/Catalonia/2041146NS/2023,plate10_r128_50k-AGATCATAAGCAATAA,6400,0.15,0.15
A23038d0_r128_50K,A/Catalonia/2041146NS/2023,plate10_r128_50k-AGATCATAAGCAATAA,1.28e+04,0.7491,0.7491
A23038d0_r128_50K,A/South_Africa/R06359/2023,plate10_r128_50k-AGTTATGTAAAACGTG,100,0.01432,0.01432
A23038d0_r128_50K,A/South_Africa/R06359/2023,plate10_r128_50k-AGTTATGTAAAACGTG,200,0.02565,0.02565
A23038d0_r128_50K,A/South_Africa/R06359/2023,plate10_r128_50k-AGTTATGTAAAACGTG,400,0.01753,0.01753
A23038d0_r128_50K,A/South_Africa/R06359/2023,plate10_r128_50k-AGTTATGTAAAACGTG,800,0.1684,0.1684
A23038d0_r128_50K,A/South_Africa/R06359/2023,plate10_r128_50k-AGTTATGTAAAACGTG,1600,0.2899,0.2899
A23038d0_r128_50K,A/South_Africa/R06359/2023,plate10_r128_50k-AGTTATGTAAAACGTG,3200,0.138,0.138
A23038d0_r128_50K,A/South_Africa/R06359/2023,plate10_r128_50k-AGTTATGTAAAACGTG,6400,0.0386,0.0386
A23038d0_r128_50K,A/South_Africa/R06359/2023,plate10_r128_50k-AGTTATGTAAAACGTG,1.28e+04,0.3057,0.3057
A23038d0_r128_50K,A/Cambodia/e0826360/2020_egg,plate10_r128_50k-ATAACGTTTGTGCAAA,100,0,0
A23038d0_r128_50K,A/Cambodia/e0826360/2020_egg,plate10_r128_50k-ATAACGTTTGTGCAAA,200,0,0
A23038d0_r128_50K,A/Cambodia/e0826360/2020_egg,plate10_r128_50k-ATAACGTTTGTGCAAA,400,0.001139,0.001139
A23038d0_r128_50K,A/Cambodia/e0826360/2020_egg,plate10_r128_50k-ATAACGTTTGTGCAAA,800,0,0
A23038d0_r128_50K,A/Cambodia/e0826360/2020_egg,plate10_r128_50k-ATAACGTTTGTGCAAA,1600,0,0
A23038d0_r128_50K,A/Cambodia/e0826360/2020_egg,plate10_r128_50k-ATAACGTTTGTGCAAA,3200,0.03884,0.03884
A23038d0_r128_50K,A/Cambodia/e0826360/2020_egg,plate10_r128_50k-ATAACGTTTGTGCAAA,6400,1.782,1
A23038d0_r128_50K,A/Cambodia/e0826360/2020_egg,plate10_r128_50k-ATAACGTTTGTGCAAA,1.28e+04,0.4578,0.4578
A23038d0_r128_50K,A/Switzerland/9715293/2013_NIB-88,plate10_r128_50k-ATAGGATATATGGCTG,100,0,0
A23038d0_r128_50K,A/Switzerland/9715293/2013_NIB-88,plate10_r128_50k-ATAGGATATATGGCTG,200,0,0
A23038d0_r128_50K,A/Switzerland/9715293/2013_NIB-88,plate10_r128_50k-ATAGGATATATGGCTG,400,0,0
A23038d0_r128_50K,A/Switzerland/9715293/2013_NIB-88,plate10_r128_50k-ATAGGATATATGGCTG,800,0,0
A23038d0_r128_50K,A/Switzerland/9715293/2013_NIB-88,plate10_r128_50k-ATAGGATATATGGCTG,1600,0,0
A23038d0_r128_50K,A/Switzerland/9715293/2013_NIB-88,plate10_r128_50k-ATAGGATATATGGCTG,3200,0.0007204,0.0007204
A23038d0_r128_50K,A/Switzerland/9715293/2013_NIB-88,plate10_r128_50k-ATAGGATATATGGCTG,6400,0.000683,0.000683
A23038d0_r128_50K,A/Switzerland/9715293/2013_NIB-88,plate10_r128_50k-ATAGGATATATGGCTG,1.28e+04,0.01084,0.01084
A23038d0_r128_50K,A/Cambodia/e0826360/2020,plate10_r128_50k-ATTAGATTATAACGTA,100,0.001185,0.001185
A23038d0_r128_50K,A/Cambodia/e0826360/2020,plate10_r128_50k-ATTAGATTATAACGTA,200,0,0
A23038d0_r128_50K,A/Cambodia/e0826360/2020,plate10_r128_50k-ATTAGATTATAACGTA,400,0.1036,0.1036
A23038d0_r128_50K,A/Cambodia/e0826360/2020,plate10_r128_50k-ATTAGATTATAACGTA,800,0.1982,0.1982
A23038d0_r128_50K,A/Cambodia/e0826360/2020,plate10_r128_50k-ATTAGATTATAACGTA,1600,0.1652,0.1652
A23038d0_r128_50K,A/Cambodia/e0826360/2020,plate10_r128_50k-ATTAGATTATAACGTA,3200,0.4415,0.4415
A23038d0_r128_50K,A/Cambodia/e0826360/2020,plate10_r128_50k-ATTAGATTATAACGTA,6400,1.119,1
A23038d0_r128_50K,A/Cambodia/e0826360/2020,plate10_r128_50k-ATTAGATTATAACGTA,1.28e+04,0.8481,0.8481
A23038d0_r128_50K,A/Hong_Kong/4801/2014_(15/192),plate10_r128_50k-ATTTACTCATTATACG,100,0,0
A23038d0_r128_50K,A/Hong_Kong/4801/2014_(15/192),plate10_r128_50k-ATTTACTCATTATACG,200,0,0
A23038d0_r128_50K,A/Hong_Kong/4801/2014_(15/192),plate10_r128_50k-ATTTACTCATTATACG,400,0.0005865,0.0005865
A23038d0_r128_50K,A/Hong_Kong/4801/2014_(15/192),plate10_r128_50k-ATTTACTCATTATACG,800,0,0
A23038d0_r128_50K,A/Hong_Kong/4801/2014_(15/192),plate10_r128_50k-ATTTACTCATTATACG,1600,0,0
A23038d0_r128_50K,A/Hong_Kong/4801/2014_(15/192),plate10_r128_50k-ATTTACTCATTATACG,3200,0,0
A23038d0_r128_50K,A/Hong_Kong/4801/2014_(15/192),plate10_r128_50k-ATTTACTCATTATACG,6400,0,0
A23038d0_r128_50K,A/Hong_Kong/4801/2014_(15/192),plate10_r128_50k-ATTTACTCATTATACG,1.28e+04,0.06929,0.06929
A23038d0_r128_50K,A/Hong_Kong/4801/2014_(15/192),plate10_r128_50k-CACAGACAATAAAAAA,100,0,0
A23038d0_r128_50K,A/Hong_Kong/4801/2014_(15/192),plate10_r128_50k-CACAGACAATAAAAAA,200,0,0
A23038d0_r128_50K,A/Hong_Kong/4801/2014_(15/192),plate10_r128_50k-CACAGACAATAAAAAA,400,0,0
A23038d0_r128_50K,A/Hong_Kong/4801/2014_(15/192),plate10_r128_50k-CACAGACAATAAAAAA,800,0,0
A23038d0_r128_50K,A/Hong_Kong/4801/2014_(15/192),plate10_r128_50k-CACAGACAATAAAAAA,1600,0,0
A23038d0_r128_50K,A/Hong_Kong/4801/2014_(15/192),plate10_r128_50k-CACAGACAATAAAAAA,3200,0,0
A23038d0_r128_50K,A/Hong_Kong/4801/2014_(15/192),plate10_r128_50k-CACAGACAATAAAAAA,6400,0,0
A23038d0_r128_50K,A/Hong_Kong/4801/2014_(15/192),plate10_r128_50k-CACAGACAATAAAAAA,1.28e+04,0.02231,0.02231
A23038d0_r128_50K,A/Chipata/15-NIC-001/2023,plate10_r128_50k-CAGTGCCATCCATCCA,100,0.006681,0.006681
A23038d0_r128_50K,A/Chipata/15-NIC-001/2023,plate10_r128_50k-CAGTGCCATCCATCCA,200,0.05251,0.05251
A23038d0_r128_50K,A/Chipata/15-NIC-001/2023,plate10_r128_50k-CAGTGCCATCCATCCA,400,0,0
A23038d0_r128_50K,A/Chipata/15-NIC-001/2023,plate10_r128_50k-CAGTGCCATCCATCCA,800,0.6747,0.6747
A23038d0_r128_50K,A/Chipata/15-NIC-001/2023,plate10_r128_50k-CAGTGCCATCCATCCA,1600,0.5421,0.5421
A23038d0_r128_50K,A/Chipata/15-NIC-001/2023,plate10_r128_50k-CAGTGCCATCCATCCA,3200,0.3864,0.3864
A23038d0_r128_50K,A/Chipata/15-NIC-001/2023,plate10_r128_50k-CAGTGCCATCCATCCA,6400,0.6555,0.6555
A23038d0_r128_50K,A/Chipata/15-NIC-001/2023,plate10_r128_50k-CAGTGCCATCCATCCA,1.28e+04,0.4982,0.4982
A23038d0_r128_50K,A/South_Africa/R07073/2023,plate10_r128_50k-CATCATTATTACAAAG,100,0.002704,0.002704
A23038d0_r128_50K,A/South_Africa/R07073/2023,plate10_r128_50k-CATCATTATTACAAAG,200,0.188,0.188
A23038d0_r128_50K,A/South_Africa/R07073/2023,plate10_r128_50k-CATCATTATTACAAAG,400,0.09831,0.09831
A23038d0_r128_50K,A/South_Africa/R07073/2023,plate10_r128_50k-CATCATTATTACAAAG,800,0.004833,0.004833
A23038d0_r128_50K,A/South_Africa/R07073/2023,plate10_r128_50k-CATCATTATTACAAAG,1600,0.09982,0.09982
A23038d0_r128_50K,A/South_Africa/R07073/2023,plate10_r128_50k-CATCATTATTACAAAG,3200,0.3396,0.3396
A23038d0_r128_50K,A/South_Africa/R07073/2023,plate10_r128_50k-CATCATTATTACAAAG,6400,0.01309,0.01309
A23038d0_r128_50K,A/South_Africa/R07073/2023,plate10_r128_50k-CATCATTATTACAAAG,1.28e+04,2.075,1
A23038d0_r128_50K,A/SouthSudan/631/2023,plate10_r128_50k-CCAATAAAATACGATG,100,0,0
A23038d0_r128_50K,A/SouthSudan/631/2023,plate10_r128_50k-CCAATAAAATACGATG,200,0.003122,0.003122
A23038d0_r128_50K,A/SouthSudan/631/2023,plate10_r128_50k-CCAATAAAATACGATG,400,0.08269,0.08269
A23038d0_r128_50K,A/SouthSudan/631/2023,plate10_r128_50k-CCAATAAAATACGATG,800,0.2836,0.2836
A23038d0_r128_50K,A/SouthSudan/631/2023,plate10_r128_50k-CCAATAAAATACGATG,1600,0.1454,0.1454
A23038d0_r128_50K,A/SouthSudan/631/2023,plate10_r128_50k-CCAATAAAATACGATG,3200,0.7942,0.7942
A23038d0_r128_50K,A/SouthSudan/631/2023,plate10_r128_50k-CCAATAAAATACGATG,6400,0.4591,0.4591
A23038d0_r128_50K,A/SouthSudan/631/2023,plate10_r128_50k-CCAATAAAATACGATG,1.28e+04,0.772,0.772
A23038d0_r128_50K,A/Solwezi/13-NIC-001/2023,plate10_r128_50k-CCACGTTCATTAGATG,100,0.002067,0.002067
A23038d0_r128_50K,A/Solwezi/13-NIC-001/2023,plate10_r128_50k-CCACGTTCATTAGATG,200,0,0
A23038d0_r128_50K,A/Solwezi/13-NIC-001/2023,plate10_r128_50k-CCACGTTCATTAGATG,400,0.02881,0.02881
A23038d0_r128_50K,A/Solwezi/13-NIC-001/2023,plate10_r128_50k-CCACGTTCATTAGATG,800,0.5024,0.5024
A23038d0_r128_50K,A/Solwezi/13-NIC-001/2023,plate10_r128_50k-CCACGTTCATTAGATG,1600,0.1096,0.1096
A23038d0_r128_50K,A/Solwezi/13-NIC-001/2023,plate10_r128_50k-CCACGTTCATTAGATG,3200,2.63,1
A23038d0_r128_50K,A/Solwezi/13-NIC-001/2023,plate10_r128_50k-CCACGTTCATTAGATG,6400,0.8919,0.8919
A23038d0_r128_50K,A/Solwezi/13-NIC-001/2023,plate10_r128_50k-CCACGTTCATTAGATG,1.28e+04,0.2825,0.2825
A23038d0_r128_50K,A/Georgia/40/2023,plate10_r128_50k-CCATATATAAGAAACC,100,0,0
A23038d0_r128_50K,A/Georgia/40/2023,plate10_r128_50k-CCATATATAAGAAACC,200,0.006716,0.006716
A23038d0_r128_50K,A/Georgia/40/2023,plate10_r128_50k-CCATATATAAGAAACC,800,0.02015,0.02015
A23038d0_r128_50K,A/Georgia/40/2023,plate10_r128_50k-CCATATATAAGAAACC,1600,0.6992,0.6992
A23038d0_r128_50K,A/Georgia/40/2023,plate10_r128_50k-CCATATATAAGAAACC,3200,1.119,1
A23038d0_r128_50K,A/Georgia/40/2023,plate10_r128_50k-CCATATATAAGAAACC,6400,0.05359,0.05359
A23038d0_r128_50K,A/Georgia/40/2023,plate10_r128_50k-CCATATATAAGAAACC,1.28e+04,2.425,1
A23038d0_r128_50K,A/Sydney/332/2023,plate10_r128_50k-CCCCAGGTATAAAATA,100,0,0
A23038d0_r128_50K,A/Sydney/332/2023,plate10_r128_50k-CCCCAGGTATAAAATA,200,0.347,0.347
A23038d0_r128_50K,A/Sydney/332/2023,plate10_r128_50k-CCCCAGGTATAAAATA,400,0.01494,0.01494
A23038d0_r128_50K,A/Sydney/332/2023,plate10_r128_50k-CCCCAGGTATAAAATA,800,0.02546,0.02546
A23038d0_r128_50K,A/Sydney/332/2023,plate10_r128_50k-CCCCAGGTATAAAATA,1600,0.1404,0.1404
A23038d0_r128_50K,A/Sydney/332/2023,plate10_r128_50k-CCCCAGGTATAAAATA,3200,1.204,1
A23038d0_r128_50K,A/Sydney/332/2023,plate10_r128_50k-CCCCAGGTATAAAATA,6400,0.64,0.64
A23038d0_r128_50K,A/Sydney/332/2023,plate10_r128_50k-CCCCAGGTATAAAATA,1.28e+04,1.142,1
A23038d0_r128_50K,A/California/81/2023,plate10_r128_50k-CCGATAAGACGTCGCT,100,0,0
A23038d0_r128_50K,A/California/81/2023,plate10_r128_50k-CCGATAAGACGTCGCT,200,0.02466,0.02466
A23038d0_r128_50K,A/California/81/2023,plate10_r128_50k-CCGATAAGACGTCGCT,400,0.08027,0.08027
A23038d0_r128_50K,A/California/81/2023,plate10_r128_50k-CCGATAAGACGTCGCT,800,0.03388,0.03388
A23038d0_r128_50K,A/California/81/2023,plate10_r128_50k-CCGATAAGACGTCGCT,1600,0.3889,0.3889
A23038d0_r128_50K,A/California/81/2023,plate10_r128_50k-CCGATAAGACGTCGCT,3200,0.0792,0.0792
A23038d0_r128_50K,A/California/81/2023,plate10_r128_50k-CCGATAAGACGTCGCT,6400,0.5494,0.5494
A23038d0_r128_50K,A/California/81/2023,plate10_r128_50k-CCGATAAGACGTCGCT,1.28e+04,0.258,0.258
A23038d0_r128_50K,A/Hong_Kong/2671/2019,plate10_r128_50k-CGAAAACATTACAAAT,100,0,0
A23038d0_r128_50K,A/Hong_Kong/2671/2019,plate10_r128_50k-CGAAAACATTACAAAT,200,0,0
A23038d0_r128_50K,A/Hong_Kong/2671/2019,plate10_r128_50k-CGAAAACATTACAAAT,400,0.0009418,0.0009418
A23038d0_r128_50K,A/Hong_Kong/2671/2019,plate10_r128_50k-CGAAAACATTACAAAT,800,0,0
A23038d0_r128_50K,A/Hong_Kong/2671/2019,plate10_r128_50k-CGAAAACATTACAAAT,1600,0.00107,0.00107
A23038d0_r128_50K,A/Hong_Kong/2671/2019,plate10_r128_50k-CGAAAACATTACAAAT,3200,0.003026,0.003026
A23038d0_r128_50K,A/Hong_Kong/2671/2019,plate10_r128_50k-CGAAAACATTACAAAT,6400,0.01923,0.01923
A23038d0_r128_50K,A/Hong_Kong/2671/2019,plate10_r128_50k-CGAAAACATTACAAAT,1.28e+04,0.1313,0.1313
A23038d0_r128_50K,A/EHIME/50/2023,plate10_r128_50k-CGCGAATCACTAAGTA,100,0,0
A23038d0_r128_50K,A/EHIME/50/2023,plate10_r128_50k-CGCGAATCACTAAGTA,200,0.07456,0.07456
A23038d0_r128_50K,A/EHIME/50/2023,plate10_r128_50k-CGCGAATCACTAAGTA,400,0.01352,0.01352
A23038d0_r128_50K,A/EHIME/50/2023,plate10_r128_50k-CGCGAATCACTAAGTA,800,0.05407,0.05407
A23038d0_r128_50K,A/EHIME/50/2023,plate10_r128_50k-CGCGAATCACTAAGTA,1600,0.1332,0.1332
A23038d0_r128_50K,A/EHIME/50/2023,plate10_r128_50k-CGCGAATCACTAAGTA,3200,1.491,1
A23038d0_r128_50K,A/EHIME/50/2023,plate10_r128_50k-CGCGAATCACTAAGTA,6400,0.2802,0.2802
A23038d0_r128_50K,A/Hong_Kong/45/2019,plate10_r128_50k-CGGGGACAAGATTGTA,100,0,0
A23038d0_r128_50K,A/Hong_Kong/45/2019,plate10_r128_50k-CGGGGACAAGATTGTA,200,0.000457,0.000457
A23038d0_r128_50K,A/Hong_Kong/45/2019,plate10_r128_50k-CGGGGACAAGATTGTA,400,0.3589,0.3589
A23038d0_r128_50K,A/Hong_Kong/45/2019,plate10_r128_50k-CGGGGACAAGATTGTA,800,1.201,1
A23038d0_r128_50K,A/Hong_Kong/45/2019,plate10_r128_50k-CGGGGACAAGATTGTA,1600,0.5937,0.5937
A23038d0_r128_50K,A/Hong_Kong/45/2019,plate10_r128_50k-CGGGGACAAGATTGTA,6400,1.479,1
A23038d0_r128_50K,A/Hong_Kong/45/2019,plate10_r128_50k-CGGGGACAAGATTGTA,1.28e+04,1.542,1
A23038d0_r128_50K,A/Singapore/INFIMH-16-0019/2016,plate10_r128_50k-CGTACAGTGTAATCGA,100,0,0
A23038d0_r128_50K,A/Singapore/INFIMH-16-0019/2016,plate10_r128_50k-CGTACAGTGTAATCGA,200,0,0
A23038d0_r128_50K,A/Singapore/INFIMH-16-0019/2016,plate10_r128_50k-CGTACAGTGTAATCGA,400,0.5551,0.5551
A23038d0_r128_50K,A/Singapore/INFIMH-16-0019/2016,plate10_r128_50k-CGTACAGTGTAATCGA,800,0.04089,0.04089
A23038d0_r128_50K,A/Singapore/INFIMH-16-0019/2016,plate10_r128_50k-CGTACAGTGTAATCGA,1600,0.003034,0.003034
A23038d0_r128_50K,A/Singapore/INFIMH-16-0019/2016,plate10_r128_50k-CGTACAGTGTAATCGA,3200,0.01173,0.01173
A23038d0_r128_50K,A/Singapore/INFIMH-16-0019/2016,plate10_r128_50k-CGTACAGTGTAATCGA,6400,0.5791,0.5791
A23038d0_r128_50K,A/Singapore/INFIMH-16-0019/2016,plate10_r128_50k-CGTACAGTGTAATCGA,1.28e+04,2.846,1
A23038d0_r128_50K,A/Darwin/6/2021,plate10_r128_50k-CTATCTTAATCTACAG,100,0,0
A23038d0_r128_50K,A/Darwin/6/2021,plate10_r128_50k-CTATCTTAATCTACAG,200,0,0
A23038d0_r128_50K,A/Darwin/6/2021,plate10_r128_50k-CTATCTTAATCTACAG,800,0.1554,0.1554
A23038d0_r128_50K,A/Darwin/6/2021,plate10_r128_50k-CTATCTTAATCTACAG,1600,0.3823,0.3823
A23038d0_r128_50K,A/Darwin/6/2021,plate10_r128_50k-CTATCTTAATCTACAG,3200,0.009933,0.009933
A23038d0_r128_50K,A/Darwin/6/2021,plate10_r128_50k-CTATCTTAATCTACAG,6400,0.8931,0.8931
A23038d0_r128_50K,A/Darwin/6/2021,plate10_r128_50k-CTATCTTAATCTACAG,1.28e+04,1.996,1
A23038d0_r128_50K,A/SouthSudan/631/2023,plate10_r128_50k-CTGAAACCTTGTCCTA,100,0,0
A23038d0_r128_50K,A/SouthSudan/631/2023,plate10_r128_50k-CTGAAACCTTGTCCTA,200,0.0008384,0.0008384
A23038d0_r128_50K,A/SouthSudan/631/2023,plate10_r128_50k-CTGAAACCTTGTCCTA,400,0.1622,0.1622
A23038d0_r128_50K,A/SouthSudan/631/2023,plate10_r128_50k-CTGAAACCTTGTCCTA,800,1.311,1
A23038d0_r128_50K,A/SouthSudan/631/2023,plate10_r128_50k-CTGAAACCTTGTCCTA,1600,1.419,1
A23038d0_r128_50K,A/SouthSudan/631/2023,plate10_r128_50k-CTGAAACCTTGTCCTA,3200,1.718,1
A23038d0_r128_50K,A/SouthSudan/631/2023,plate10_r128_50k-CTGAAACCTTGTCCTA,6400,2.866,1
A23038d0_r128_50K,A/Netherlands/01760/2023,plate10_r128_50k-CTGTGAAAAAAAATAC,100,0,0
A23038d0_r128_50K,A/Netherlands/01760/2023,plate10_r128_50k-CTGTGAAAAAAAATAC,200,0.4071,0.4071
A23038d0_r128_50K,A/Netherlands/01760/2023,plate10_r128_50k-CTGTGAAAAAAAATAC,400,0.07403,0.07403
A23038d0_r128_50K,A/Netherlands/01760/2023,plate10_r128_50k-CTGTGAAAAAAAATAC,800,0.01379,0.01379
A23038d0_r128_50K,A/Netherlands/01760/2023,plate10_r128_50k-CTGTGAAAAAAAATAC,1600,0.04132,0.04132
A23038d0_r128_50K,A/Netherlands/01760/2023,plate10_r128_50k-CTGTGAAAAAAAATAC,3200,0.02318,0.02318
A23038d0_r128_50K,A/Netherlands/01760/2023,plate10_r128_50k-CTGTGAAAAAAAATAC,6400,0.1192,0.1192
A23038d0_r128_50K,A/Netherlands/01760/2023,plate10_r128_50k-CTGTGAAAAAAAATAC,1.28e+04,2.158,1
A23038d0_r128_50K,A/KANAGAWA/AC2316/2023,plate10_r128_50k-CTTGAATACACAAACA,100,0.008614,0.008614
A23038d0_r128_50K,A/KANAGAWA/AC2316/2023,plate10_r128_50k-CTTGAATACACAAACA,200,0.04224,0.04224
A23038d0_r128_50K,A/KANAGAWA/AC2316/2023,plate10_r128_50k-CTTGAATACACAAACA,400,0.009424,0.009424
A23038d0_r128_50K,A/KANAGAWA/AC2316/2023,plate10_r128_50k-CTTGAATACACAAACA,800,0.1322,0.1322
A23038d0_r128_50K,A/KANAGAWA/AC2316/2023,plate10_r128_50k-CTTGAATACACAAACA,1600,0.01538,0.01538
A23038d0_r128_50K,A/KANAGAWA/AC2316/2023,plate10_r128_50k-CTTGAATACACAAACA,3200,0.1561,0.1561
A23038d0_r128_50K,A/KANAGAWA/AC2316/2023,plate10_r128_50k-CTTGAATACACAAACA,6400,1.231,1
A23038d0_r128_50K,A/KANAGAWA/AC2316/2023,plate10_r128_50k-CTTGAATACACAAACA,1.28e+04,0.3062,0.3062
A23038d0_r128_50K,A/Sydney/710/2023,plate10_r128_50k-CTTGTAAAACTATGAT,100,0.0002455,0.0002455
A23038d0_r128_50K,A/Sydney/710/2023,plate10_r128_50k-CTTGTAAAACTATGAT,200,0.09292,0.09292
A23038d0_r128_50K,A/Sydney/710/2023,plate10_r128_50k-CTTGTAAAACTATGAT,400,0.003161,0.003161
A23038d0_r128_50K,A/Sydney/710/2023,plate10_r128_50k-CTTGTAAAACTATGAT,800,0.7589,0.7589
A23038d0_r128_50K,A/Sydney/710/2023,plate10_r128_50k-CTTGTAAAACTATGAT,1600,0.3382,0.3382
A23038d0_r128_50K,A/Sydney/710/2023,plate10_r128_50k-CTTGTAAAACTATGAT,3200,1.06,1
A23038d0_r128_50K,A/Sydney/710/2023,plate10_r128_50k-CTTGTAAAACTATGAT,6400,0.3604,0.3604
A23038d0_r128_50K,A/Sydney/710/2023,plate10_r128_50k-CTTGTAAAACTATGAT,1.28e+04,2.002,1
A23038d0_r128_50K,A/Bhutan/0845/2023,plate10_r128_50k-GACAGAAACAAAATTA,100,0.01247,0.01247
A23038d0_r128_50K,A/Bhutan/0845/2023,plate10_r128_50k-GACAGAAACAAAATTA,200,0.2568,0.2568
A23038d0_r128_50K,A/Bhutan/0845/2023,plate10_r128_50k-GACAGAAACAAAATTA,400,0.2563,0.2563
A23038d0_r128_50K,A/Bhutan/0845/2023,plate10_r128_50k-GACAGAAACAAAATTA,800,0.07521,0.07521
A23038d0_r128_50K,A/Bhutan/0845/2023,plate10_r128_50k-GACAGAAACAAAATTA,1600,0.5192,0.5192
A23038d0_r128_50K,A/Bhutan/0845/2023,plate10_r128_50k-GACAGAAACAAAATTA,3200,0.01043,0.01043
A23038d0_r128_50K,A/Bhutan/0845/2023,plate10_r128_50k-GACAGAAACAAAATTA,6400,1.529,1
A23038d0_r128_50K,A/Bhutan/0845/2023,plate10_r128_50k-GACAGAAACAAAATTA,1.28e+04,1.515,1
A23038d0_r128_50K,A/Catalonia/2041146NS/2023,plate10_r128_50k-GACATCAAATAGCAAC,100,0.003969,0.003969
A23038d0_r128_50K,A/Catalonia/2041146NS/2023,plate10_r128_50k-GACATCAAATAGCAAC,200,0.0432,0.0432
A23038d0_r128_50K,A/Catalonia/2041146NS/2023,plate10_r128_50k-GACATCAAATAGCAAC,400,0.007517,0.007517
A23038d0_r128_50K,A/Catalonia/2041146NS/2023,plate10_r128_50k-GACATCAAATAGCAAC,800,0.0459,0.0459
A23038d0_r128_50K,A/Catalonia/2041146NS/2023,plate10_r128_50k-GACATCAAATAGCAAC,1600,0.1418,0.1418
A23038d0_r128_50K,A/Catalonia/2041146NS/2023,plate10_r128_50k-GACATCAAATAGCAAC,3200,0.4646,0.4646
A23038d0_r128_50K,A/Catalonia/2041146NS/2023,plate10_r128_50k-GACATCAAATAGCAAC,6400,0.9526,0.9526
A23038d0_r128_50K,A/Catalonia/2041146NS/2023,plate10_r128_50k-GACATCAAATAGCAAC,1.28e+04,0.5624,0.5624
A23038d0_r128_50K,A/Kansas/14/2017,plate10_r128_50k-GCAACGAGGTGTAACC,100,0,0
A23038d0_r128_50K,A/Kansas/14/2017,plate10_r128_50k-GCAACGAGGTGTAACC,200,0,0
A23038d0_r128_50K,A/Kansas/14/2017,plate10_r128_50k-GCAACGAGGTGTAACC,400,0,0
A23038d0_r128_50K,A/Kansas/14/2017,plate10_r128_50k-GCAACGAGGTGTAACC,800,0.0957,0.0957
A23038d0_r128_50K,A/Kansas/14/2017,plate10_r128_50k-GCAACGAGGTGTAACC,1600,0.2487,0.2487
A23038d0_r128_50K,A/Kansas/14/2017,plate10_r128_50k-GCAACGAGGTGTAACC,3200,0.3616,0.3616
A23038d0_r128_50K,A/Kansas/14/2017,plate10_r128_50k-GCAACGAGGTGTAACC,6400,1.558,1
A23038d0_r128_50K,A/Kansas/14/2017,plate10_r128_50k-GCAACGAGGTGTAACC,1.28e+04,0.3692,0.3692
A23038d0_r128_50K,A/SouthSudan/642/2023,plate10_r128_50k-GCTAATTCCAAAAGCG,100,0.003732,0.003732
A23038d0_r128_50K,A/SouthSudan/642/2023,plate10_r128_50k-GCTAATTCCAAAAGCG,200,0.00134,0.00134
A23038d0_r128_50K,A/SouthSudan/642/2023,plate10_r128_50k-GCTAATTCCAAAAGCG,400,0.1735,0.1735
A23038d0_r128_50K,A/SouthSudan/642/2023,plate10_r128_50k-GCTAATTCCAAAAGCG,1600,1.366,1
A23038d0_r128_50K,A/SouthSudan/642/2023,plate10_r128_50k-GCTAATTCCAAAAGCG,3200,0.8344,0.8344
A23038d0_r128_50K,A/SouthSudan/642/2023,plate10_r128_50k-GCTAATTCCAAAAGCG,6400,1.012,1
A23038d0_r128_50K,A/SouthSudan/642/2023,plate10_r128_50k-GCTAATTCCAAAAGCG,1.28e+04,1.207,1
A23038d0_r128_50K,A/Netherlands/01685/2023,plate10_r128_50k-GGCTATATATCTGTTT,100,0.001412,0.001412
A23038d0_r128_50K,A/Netherlands/01685/2023,plate10_r128_50k-GGCTATATATCTGTTT,200,0.0888,0.0888
A23038d0_r128_50K,A/Netherlands/01685/2023,plate10_r128_50k-GGCTATATATCTGTTT,800,0.005679,0.005679
A23038d0_r128_50K,A/Netherlands/01685/2023,plate10_r128_50k-GGCTATATATCTGTTT,1600,0.09643,0.09643
A23038d0_r128_50K,A/Netherlands/01685/2023,plate10_r128_50k-GGCTATATATCTGTTT,3200,0.6504,0.6504
A23038d0_r128_50K,A/Netherlands/01685/2023,plate10_r128_50k-GGCTATATATCTGTTT,6400,1.491,1
A23038d0_r128_50K,A/Hong_Kong/4801/2014_(15/192),plate10_r128_50k-GGTTAACTTTGGAAGC,100,0,0
A23038d0_r128_50K,A/Hong_Kong/4801/2014_(15/192),plate10_r128_50k-GGTTAACTTTGGAAGC,200,0.0006351,0.0006351
A23038d0_r128_50K,A/Hong_Kong/4801/2014_(15/192),plate10_r128_50k-GGTTAACTTTGGAAGC,400,0,0
A23038d0_r128_50K,A/Hong_Kong/4801/2014_(15/192),plate10_r128_50k-GGTTAACTTTGGAAGC,800,0.0001877,0.0001877
A23038d0_r128_50K,A/Hong_Kong/4801/2014_(15/192),plate10_r128_50k-GGTTAACTTTGGAAGC,1600,0.0004018,0.0004018
A23038d0_r128_50K,A/Hong_Kong/4801/2014_(15/192),plate10_r128_50k-GGTTAACTTTGGAAGC,3200,0,0
A23038d0_r128_50K,A/Hong_Kong/4801/2014_(15/192),plate10_r128_50k-GGTTAACTTTGGAAGC,6400,0.008316,0.008316
A23038d0_r128_50K,A/Hong_Kong/4801/2014_(15/192),plate10_r128_50k-GGTTAACTTTGGAAGC,1.28e+04,0.583,0.583
A23038d0_r128_50K,A/Bhutan/FLU-BTG-00988/2022,plate10_r128_50k-GGTTGCGTAGTTAATC,100,0.006588,0.006588
A23038d0_r128_50K,A/Bhutan/FLU-BTG-00988/2022,plate10_r128_50k-GGTTGCGTAGTTAATC,200,0.1696,0.1696
A23038d0_r128_50K,A/Bhutan/FLU-BTG-00988/2022,plate10_r128_50k-GGTTGCGTAGTTAATC,400,0.3232,0.3232
A23038d0_r128_50K,A/Bhutan/FLU-BTG-00988/2022,plate10_r128_50k-GGTTGCGTAGTTAATC,800,0.08076,0.08076
A23038d0_r128_50K,A/Bhutan/FLU-BTG-00988/2022,plate10_r128_50k-GGTTGCGTAGTTAATC,3200,0.283,0.283
A23038d0_r128_50K,A/Bhutan/FLU-BTG-00988/2022,plate10_r128_50k-GGTTGCGTAGTTAATC,6400,0.05522,0.05522
A23038d0_r128_50K,A/Bhutan/FLU-BTG-00988/2022,plate10_r128_50k-GGTTGCGTAGTTAATC,1.28e+04,1.165,1
A23038d0_r128_50K,A/Darwin/6/2021,plate10_r128_50k-GTTATTATGACTTCAT,100,0.004995,0.004995
A23038d0_r128_50K,A/Darwin/6/2021,plate10_r128_50k-GTTATTATGACTTCAT,200,0,0
A23038d0_r128_50K,A/Darwin/6/2021,plate10_r128_50k-GTTATTATGACTTCAT,400,1.39,1
A23038d0_r128_50K,A/Darwin/6/2021,plate10_r128_50k-GTTATTATGACTTCAT,1600,0.01024,0.01024
A23038d0_r128_50K,A/Darwin/6/2021,plate10_r128_50k-GTTATTATGACTTCAT,3200,2.055,1
A23038d0_r128_50K,A/Darwin/6/2021,plate10_r128_50k-GTTATTATGACTTCAT,6400,2.371,1
A23038d0_r128_50K,A/Darwin/6/2021,plate10_r128_50k-GTTATTATGACTTCAT,1.28e+04,0.9648,0.9648
A23038d0_r128_50K,A/Hong_Kong/45/2019,plate10_r128_50k-TAAAAAGCCTCCATGA,100,0,0
A23038d0_r128_50K,A/Hong_Kong/45/2019,plate10_r128_50k-TAAAAAGCCTCCATGA,200,0,0
A23038d0_r128_50K,A/Hong_Kong/45/2019,plate10_r128_50k-TAAAAAGCCTCCATGA,400,0.2738,0.2738
A23038d0_r128_50K,A/Hong_Kong/45/2019,plate10_r128_50k-TAAAAAGCCTCCATGA,800,0.04221,0.04221
A23038d0_r128_50K,A/Hong_Kong/45/2019,plate10_r128_50k-TAAAAAGCCTCCATGA,1600,0.1647,0.1647
A23038d0_r128_50K,A/Hong_Kong/45/2019,plate10_r128_50k-TAAAAAGCCTCCATGA,3200,0.4973,0.4973
A23038d0_r128_50K,A/Hong_Kong/45/2019,plate10_r128_50k-TAAAAAGCCTCCATGA,6400,0.4451,0.4451
A23038d0_r128_50K,A/Hong_Kong/45/2019,plate10_r128_50k-TAAAAAGCCTCCATGA,1.28e+04,1.102,1
A23038d0_r128_50K,A/Busan/1301/2023,plate10_r128_50k-TAAAAGAATGATGGTC,100,0,0
A23038d0_r128_50K,A/Busan/1301/2023,plate10_r128_50k-TAAAAGAATGATGGTC,200,0.006397,0.006397
A23038d0_r128_50K,A/Busan/1301/2023,plate10_r128_50k-TAAAAGAATGATGGTC,400,0.008548,0.008548
A23038d0_r128_50K,A/Busan/1301/2023,plate10_r128_50k-TAAAAGAATGATGGTC,800,0.0643,0.0643
A23038d0_r128_50K,A/Busan/1301/2023,plate10_r128_50k-TAAAAGAATGATGGTC,1600,1.562,1
A23038d0_r128_50K,A/Busan/1301/2023,plate10_r128_50k-TAAAAGAATGATGGTC,3200,2.833,1
A23038d0_r128_50K,A/Busan/1301/2023,plate10_r128_50k-TAAAAGAATGATGGTC,6400,1.586,1
A23038d0_r128_50K,A/Malaysia/IMR-SARI1989/2023,plate10_r128_50k-TAATAACTTGAGATTC,100,0.002797,0.002797
A23038d0_r128_50K,A/Malaysia/IMR-SARI1989/2023,plate10_r128_50k-TAATAACTTGAGATTC,200,0,0
A23038d0_r128_50K,A/Malaysia/IMR-SARI1989/2023,plate10_r128_50k-TAATAACTTGAGATTC,400,0.04713,0.04713
A23038d0_r128_50K,A/Malaysia/IMR-SARI1989/2023,plate10_r128_50k-TAATAACTTGAGATTC,800,0.09233,0.09233
A23038d0_r128_50K,A/Malaysia/IMR-SARI1989/2023,plate10_r128_50k-TAATAACTTGAGATTC,1600,0.07402,0.07402
A23038d0_r128_50K,A/Malaysia/IMR-SARI1989/2023,plate10_r128_50k-TAATAACTTGAGATTC,3200,0.3939,0.3939
A23038d0_r128_50K,A/Malaysia/IMR-SARI1989/2023,plate10_r128_50k-TAATAACTTGAGATTC,6400,0.03047,0.03047
A23038d0_r128_50K,A/Malaysia/IMR-SARI1989/2023,plate10_r128_50k-TAATAACTTGAGATTC,1.28e+04,0.3593,0.3593
A23038d0_r128_50K,A/Singapore/INFIMH-16-0019/2016,plate10_r128_50k-TACCAATGTCATTTGA,100,0,0
A23038d0_r128_50K,A/Singapore/INFIMH-16-0019/2016,plate10_r128_50k-TACCAATGTCATTTGA,200,0,0
A23038d0_r128_50K,A/Singapore/INFIMH-16-0019/2016,plate10_r128_50k-TACCAATGTCATTTGA,400,0,0
A23038d0_r128_50K,A/Singapore/INFIMH-16-0019/2016,plate10_r128_50k-TACCAATGTCATTTGA,800,0.0001995,0.0001995
A23038d0_r128_50K,A/Singapore/INFIMH-16-0019/2016,plate10_r128_50k-TACCAATGTCATTTGA,1600,0.2,0.2
A23038d0_r128_50K,A/Singapore/INFIMH-16-0019/2016,plate10_r128_50k-TACCAATGTCATTTGA,3200,0.2117,0.2117
A23038d0_r128_50K,A/Singapore/INFIMH-16-0019/2016,plate10_r128_50k-TACCAATGTCATTTGA,6400,0.08797,0.08797
A23038d0_r128_50K,A/Singapore/INFIMH-16-0019/2016,plate10_r128_50k-TACCAATGTCATTTGA,1.28e+04,0.6419,0.6419
A23038d0_r128_50K,A/Sydney/715/2023,plate10_r128_50k-TACGACGGAAACAGAA,100,0.02689,0.02689
A23038d0_r128_50K,A/Sydney/715/2023,plate10_r128_50k-TACGACGGAAACAGAA,200,0.01372,0.01372
A23038d0_r128_50K,A/Sydney/715/2023,plate10_r128_50k-TACGACGGAAACAGAA,400,0.1403,0.1403
A23038d0_r128_50K,A/Sydney/715/2023,plate10_r128_50k-TACGACGGAAACAGAA,800,0.3731,0.3731
A23038d0_r128_50K,A/Sydney/715/2023,plate10_r128_50k-TACGACGGAAACAGAA,1600,0.7311,0.7311
A23038d0_r128_50K,A/Sydney/715/2023,plate10_r128_50k-TACGACGGAAACAGAA,3200,0.4841,0.4841
A23038d0_r128_50K,A/Sydney/715/2023,plate10_r128_50k-TACGACGGAAACAGAA,6400,0.2748,0.2748
A23038d0_r128_50K,A/Sydney/715/2023,plate10_r128_50k-TACGACGGAAACAGAA,1.28e+04,1.16,1
A23038d0_r128_50K,A/Singapore/INFIMH-16-0019/2016,plate10_r128_50k-TACTAGCAATAAAATC,100,0,0
A23038d0_r128_50K,A/Singapore/INFIMH-16-0019/2016,plate10_r128_50k-TACTAGCAATAAAATC,200,0,0
A23038d0_r128_50K,A/Singapore/INFIMH-16-0019/2016,plate10_r128_50k-TACTAGCAATAAAATC,400,0,0
A23038d0_r128_50K,A/Singapore/INFIMH-16-0019/2016,plate10_r128_50k-TACTAGCAATAAAATC,800,0,0
A23038d0_r128_50K,A/Singapore/INFIMH-16-0019/2016,plate10_r128_50k-TACTAGCAATAAAATC,1600,0,0
A23038d0_r128_50K,A/Singapore/INFIMH-16-0019/2016,plate10_r128_50k-TACTAGCAATAAAATC,3200,0.1506,0.1506
A23038d0_r128_50K,A/Singapore/INFIMH-16-0019/2016,plate10_r128_50k-TACTAGCAATAAAATC,6400,1.907,1
A23038d0_r128_50K,A/Bangkok/P3755/2023,plate10_r128_50k-TATCATTTCATCTACA,100,0.001761,0.001761
A23038d0_r128_50K,A/Bangkok/P3755/2023,plate10_r128_50k-TATCATTTCATCTACA,200,0.001893,0.001893
A23038d0_r128_50K,A/Bangkok/P3755/2023,plate10_r128_50k-TATCATTTCATCTACA,400,0.009335,0.009335
A23038d0_r128_50K,A/Bangkok/P3755/2023,plate10_r128_50k-TATCATTTCATCTACA,800,0.1317,0.1317
A23038d0_r128_50K,A/Bangkok/P3755/2023,plate10_r128_50k-TATCATTTCATCTACA,1600,1.33,1
A23038d0_r128_50K,A/Bangkok/P3755/2023,plate10_r128_50k-TATCATTTCATCTACA,6400,0.6579,0.6579
A23038d0_r128_50K,A/Bangkok/P3755/2023,plate10_r128_50k-TATCATTTCATCTACA,1.28e+04,0.3151,0.3151
A23038d0_r128_50K,A/Hong_Kong/45/2019,plate10_r128_50k-TATCCAAGGGACGGAC,100,0.0003095,0.0003095
A23038d0_r128_50K,A/Hong_Kong/45/2019,plate10_r128_50k-TATCCAAGGGACGGAC,200,0,0
A23038d0_r128_50K,A/Hong_Kong/45/2019,plate10_r128_50k-TATCCAAGGGACGGAC,400,0.003868,0.003868
A23038d0_r128_50K,A/Hong_Kong/45/2019,plate10_r128_50k-TATCCAAGGGACGGAC,800,0.1097,0.1097
A23038d0_r128_50K,A/Hong_Kong/45/2019,plate10_r128_50k-TATCCAAGGGACGGAC,1600,0.0238,0.0238
A23038d0_r128_50K,A/Hong_Kong/45/2019,plate10_r128_50k-TATCCAAGGGACGGAC,3200,0.0802,0.0802
A23038d0_r128_50K,A/Hong_Kong/45/2019,plate10_r128_50k-TATCCAAGGGACGGAC,6400,0.8442,0.8442
A23038d0_r128_50K,A/Hong_Kong/45/2019,plate10_r128_50k-TATCCAAGGGACGGAC,1.28e+04,0.3351,0.3351
A23038d0_r128_50K,A/Sydney/332/2023,plate10_r128_50k-TATTATCTAAACGGCG,100,0.003124,0.003124
A23038d0_r128_50K,A/Sydney/332/2023,plate10_r128_50k-TATTATCTAAACGGCG,200,0,0
A23038d0_r128_50K,A/Sydney/332/2023,plate10_r128_50k-TATTATCTAAACGGCG,400,0.1338,0.1338
A23038d0_r128_50K,A/Sydney/332/2023,plate10_r128_50k-TATTATCTAAACGGCG,800,0.2065,0.2065
A23038d0_r128_50K,A/Sydney/332/2023,plate10_r128_50k-TATTATCTAAACGGCG,1600,0.1974,0.1974
A23038d0_r128_50K,A/Sydney/332/2023,plate10_r128_50k-TATTATCTAAACGGCG,3200,0.3977,0.3977
A23038d0_r128_50K,A/Sydney/332/2023,plate10_r128_50k-TATTATCTAAACGGCG,6400,0.1882,0.1882
A23038d0_r128_50K,A/Sydney/332/2023,plate10_r128_50k-TATTATCTAAACGGCG,1.28e+04,0.3369,0.3369
A23038d0_r128_50K,A/Malaysia/IMR-SARI1989/2023,plate10_r128_50k-TCAAACTATGATATTC,100,0.07671,0.07671
A23038d0_r128_50K,A/Malaysia/IMR-SARI1989/2023,plate10_r128_50k-TCAAACTATGATATTC,200,0.01427,0.01427
A23038d0_r128_50K,A/Malaysia/IMR-SARI1989/2023,plate10_r128_50k-TCAAACTATGATATTC,800,0.4562,0.4562
A23038d0_r128_50K,A/Malaysia/IMR-SARI1989/2023,plate10_r128_50k-TCAAACTATGATATTC,1600,0.6039,0.6039
A23038d0_r128_50K,A/Malaysia/IMR-SARI1989/2023,plate10_r128_50k-TCAAACTATGATATTC,3200,0,0
A23038d0_r128_50K,A/Malaysia/IMR-SARI1989/2023,plate10_r128_50k-TCAAACTATGATATTC,6400,1.113,1
A23038d0_r128_50K,A/Malaysia/IMR-SARI1989/2023,plate10_r128_50k-TCAAACTATGATATTC,1.28e+04,1.876,1
A23038d0_r128_50K,A/South_Dakota/22/2023,plate10_r128_50k-TCAACCCTTCGATGTA,100,0.005882,0.005882
A23038d0_r128_50K,A/South_Dakota/22/2023,plate10_r128_50k-TCAACCCTTCGATGTA,200,0.008083,0.008083
A23038d0_r128_50K,A/South_Dakota/22/2023,plate10_r128_50k-TCAACCCTTCGATGTA,400,0.3009,0.3009
A23038d0_r128_50K,A/South_Dakota/22/2023,plate10_r128_50k-TCAACCCTTCGATGTA,800,0.04014,0.04014
A23038d0_r128_50K,A/South_Dakota/22/2023,plate10_r128_50k-TCAACCCTTCGATGTA,1600,0.5354,0.5354
A23038d0_r128_50K,A/South_Dakota/22/2023,plate10_r128_50k-TCAACCCTTCGATGTA,3200,0.8602,0.8602
A23038d0_r128_50K,A/South_Dakota/22/2023,plate10_r128_50k-TCAACCCTTCGATGTA,6400,0.1531,0.1531
A23038d0_r128_50K,A/South_Dakota/22/2023,plate10_r128_50k-TCAACCCTTCGATGTA,1.28e+04,1.886,1
A23038d0_r128_50K,A/Finland/399/2023,plate10_r128_50k-TCAATGAATGCGGGGT,100,0.001742,0.001742
A23038d0_r128_50K,A/Finland/399/2023,plate10_r128_50k-TCAATGAATGCGGGGT,200,0.0509,0.0509
A23038d0_r128_50K,A/Finland/399/2023,plate10_r128_50k-TCAATGAATGCGGGGT,400,0.02551,0.02551
A23038d0_r128_50K,A/Finland/399/2023,plate10_r128_50k-TCAATGAATGCGGGGT,800,1.905,1
A23038d0_r128_50K,A/Finland/399/2023,plate10_r128_50k-TCAATGAATGCGGGGT,1600,0.9725,0.9725
A23038d0_r128_50K,A/Finland/399/2023,plate10_r128_50k-TCAATGAATGCGGGGT,3200,0.9492,0.9492
A23038d0_r128_50K,A/Finland/399/2023,plate10_r128_50k-TCAATGAATGCGGGGT,6400,0.2088,0.2088
A23038d0_r128_50K,A/Ontario/RV00796/2023,plate10_r128_50k-TCCAAACAGCGTTAAA,100,0,0
A23038d0_r128_50K,A/Ontario/RV00796/2023,plate10_r128_50k-TCCAAACAGCGTTAAA,200,0,0
A23038d0_r128_50K,A/Ontario/RV00796/2023,plate10_r128_50k-TCCAAACAGCGTTAAA,400,0.08152,0.08152
A23038d0_r128_50K,A/Ontario/RV00796/2023,plate10_r128_50k-TCCAAACAGCGTTAAA,800,1.433,1
A23038d0_r128_50K,A/Ontario/RV00796/2023,plate10_r128_50k-TCCAAACAGCGTTAAA,1600,0.05703,0.05703
A23038d0_r128_50K,A/Ontario/RV00796/2023,plate10_r128_50k-TCCAAACAGCGTTAAA,3200,0.7996,0.7996
A23038d0_r128_50K,A/Ontario/RV00796/2023,plate10_r128_50k-TCCAAACAGCGTTAAA,6400,2.151,1
A23038d0_r128_50K,A/Ontario/RV00796/2023,plate10_r128_50k-TCCAAACAGCGTTAAA,1.28e+04,0.4682,0.4682
A23038d0_r128_50K,A/Switzerland/9715293/2013,plate10_r128_50k-TCGATTACTAGCCGGA,100,0,0
A23038d0_r128_50K,A/Switzerland/9715293/2013,plate10_r128_50k-TCGATTACTAGCCGGA,200,0,0
A23038d0_r128_50K,A/Switzerland/9715293/2013,plate10_r128_50k-TCGATTACTAGCCGGA,400,0,0
A23038d0_r128_50K,A/Switzerland/9715293/2013,plate10_r128_50k-TCGATTACTAGCCGGA,800,0,0
A23038d0_r128_50K,A/Switzerland/9715293/2013,plate10_r128_50k-TCGATTACTAGCCGGA,1600,0.516,0.516
A23038d0_r128_50K,A/Switzerland/9715293/2013,plate10_r128_50k-TCGATTACTAGCCGGA,3200,0.049,0.049
A23038d0_r128_50K,A/Switzerland/9715293/2013,plate10_r128_50k-TCGATTACTAGCCGGA,6400,0.2729,0.2729
A23038d0_r128_50K,A/Switzerland/9715293/2013,plate10_r128_50k-TCGATTACTAGCCGGA,1.28e+04,2.798,1
A23038d0_r128_50K,A/SouthSudan/642/2023,plate10_r128_50k-TCTTAACTACCCGATG,100,0.02208,0.02208
A23038d0_r128_50K,A/SouthSudan/642/2023,plate10_r128_50k-TCTTAACTACCCGATG,200,0.01457,0.01457
A23038d0_r128_50K,A/SouthSudan/642/2023,plate10_r128_50k-TCTTAACTACCCGATG,400,0.4886,0.4886
A23038d0_r128_50K,A/SouthSudan/642/2023,plate10_r128_50k-TCTTAACTACCCGATG,1600,0.6405,0.6405
A23038d0_r128_50K,A/SouthSudan/642/2023,plate10_r128_50k-TCTTAACTACCCGATG,3200,0.2286,0.2286
A23038d0_r128_50K,A/SouthSudan/642/2023,plate10_r128_50k-TCTTAACTACCCGATG,6400,2.879,1
A23038d0_r128_50K,A/SouthSudan/642/2023,plate10_r128_50k-TCTTAACTACCCGATG,1.28e+04,1.654,1
A23038d0_r128_50K,A/Abu_Dhabi/6753/2023,plate10_r128_50k-TCTTGAATTTCATGGA,100,0,0
A23038d0_r128_50K,A/Abu_Dhabi/6753/2023,plate10_r128_50k-TCTTGAATTTCATGGA,200,0.001383,0.001383
A23038d0_r128_50K,A/Abu_Dhabi/6753/2023,plate10_r128_50k-TCTTGAATTTCATGGA,400,0.01213,0.01213
A23038d0_r128_50K,A/Abu_Dhabi/6753/2023,plate10_r128_50k-TCTTGAATTTCATGGA,1600,0.08362,0.08362
A23038d0_r128_50K,A/Abu_Dhabi/6753/2023,plate10_r128_50k-TCTTGAATTTCATGGA,3200,0.1552,0.1552
A23038d0_r128_50K,A/Abu_Dhabi/6753/2023,plate10_r128_50k-TCTTGAATTTCATGGA,6400,0.5137,0.5137
A23038d0_r128_50K,A/Abu_Dhabi/6753/2023,plate10_r128_50k-TCTTGAATTTCATGGA,1.28e+04,0.6834,0.6834
A23038d0_r128_50K,A/SOUTH_AFRICA/R07876/202023,plate10_r128_50k-TGATTCGTCAATTCAT,100,0.001619,0.001619
A23038d0_r128_50K,A/SOUTH_AFRICA/R07876/202023,plate10_r128_50k-TGATTCGTCAATTCAT,200,0.02806,0.02806
A23038d0_r128_50K,A/SOUTH_AFRICA/R07876/202023,plate10_r128_50k-TGATTCGTCAATTCAT,400,0.4042,0.4042
A23038d0_r128_50K,A/SOUTH_AFRICA/R07876/202023,plate10_r128_50k-TGATTCGTCAATTCAT,800,0.4297,0.4297
A23038d0_r128_50K,A/SOUTH_AFRICA/R07876/202023,plate10_r128_50k-TGATTCGTCAATTCAT,1600,0.08886,0.08886
A23038d0_r128_50K,A/SOUTH_AFRICA/R07876/202023,plate10_r128_50k-TGATTCGTCAATTCAT,3200,2.124,1
A23038d0_r128_50K,A/SOUTH_AFRICA/R07876/202023,plate10_r128_50k-TGATTCGTCAATTCAT,6400,1.105,1
A23038d0_r128_50K,A/SOUTH_AFRICA/R07876/202023,plate10_r128_50k-TGATTCGTCAATTCAT,1.28e+04,0.8906,0.8906
A23038d0_r128_50K,A/Ontario/RV00796/2023,plate10_r128_50k-TGGCTAGCGCACACCA,100,0.005914,0.005914
A23038d0_r128_50K,A/Ontario/RV00796/2023,plate10_r128_50k-TGGCTAGCGCACACCA,200,0,0
A23038d0_r128_50K,A/Ontario/RV00796/2023,plate10_r128_50k-TGGCTAGCGCACACCA,400,0.1862,0.1862
A23038d0_r128_50K,A/Ontario/RV00796/2023,plate10_r128_50k-TGGCTAGCGCACACCA,800,0.02529,0.02529
A23038d0_r128_50K,A/Ontario/RV00796/2023,plate10_r128_50k-TGGCTAGCGCACACCA,1600,0.2967,0.2967
A23038d0_r128_50K,A/Ontario/RV00796/2023,plate10_r128_50k-TGGCTAGCGCACACCA,3200,0.9761,0.9761
A23038d0_r128_50K,A/Ontario/RV00796/2023,plate10_r128_50k-TGGCTAGCGCACACCA,6400,0.5476,0.5476
A23038d0_r128_50K,A/Ontario/RV00796/2023,plate10_r128_50k-TGGCTAGCGCACACCA,1.28e+04,0.3848,0.3848
A23038d0_r128_50K,A/South_Africa/R05384/2023,plate10_r128_50k-TTACGTCAATGTTTGA,100,0.00233,0.00233
A23038d0_r128_50K,A/South_Africa/R05384/2023,plate10_r128_50k-TTACGTCAATGTTTGA,200,0.06058,0.06058
A23038d0_r128_50K,A/South_Africa/R05384/2023,plate10_r128_50k-TTACGTCAATGTTTGA,400,0.7063,0.7063
A23038d0_r128_50K,A/South_Africa/R05384/2023,plate10_r128_50k-TTACGTCAATGTTTGA,800,0.1943,0.1943
A23038d0_r128_50K,A/South_Africa/R05384/2023,plate10_r128_50k-TTACGTCAATGTTTGA,1600,0.4891,0.4891
A23038d0_r128_50K,A/South_Africa/R05384/2023,plate10_r128_50k-TTACGTCAATGTTTGA,3200,1.725,1
A23038d0_r128_50K,A/South_Africa/R05384/2023,plate10_r128_50k-TTACGTCAATGTTTGA,6400,1.278,1
A23038d0_r128_50K,A/South_Africa/R05384/2023,plate10_r128_50k-TTACGTCAATGTTTGA,1.28e+04,2.167,1
A23038d0_r128_50K,A/SouthSudan/631/2023,plate10_r128_50k-TTAGTCATCTGGGTGC,100,0.005094,0.005094
A23038d0_r128_50K,A/SouthSudan/631/2023,plate10_r128_50k-TTAGTCATCTGGGTGC,200,0.003676,0.003676
A23038d0_r128_50K,A/SouthSudan/631/2023,plate10_r128_50k-TTAGTCATCTGGGTGC,400,0.1959,0.1959
A23038d0_r128_50K,A/SouthSudan/631/2023,plate10_r128_50k-TTAGTCATCTGGGTGC,800,0.2901,0.2901
A23038d0_r128_50K,A/SouthSudan/631/2023,plate10_r128_50k-TTAGTCATCTGGGTGC,1600,0.3996,0.3996
A23038d0_r128_50K,A/SouthSudan/631/2023,plate10_r128_50k-TTAGTCATCTGGGTGC,3200,0.311,0.311
A23038d0_r128_50K,A/SouthSudan/631/2023,plate10_r128_50k-TTAGTCATCTGGGTGC,6400,0.5449,0.5449
A23038d0_r128_50K,A/SouthSudan/631/2023,plate10_r128_50k-TTAGTCATCTGGGTGC,1.28e+04,0.4855,0.4855
A23038d0_r128_50K,A/California/81/2023,plate10_r128_50k-TTATGATCGAGGTAAA,100,0,0
A23038d0_r128_50K,A/California/81/2023,plate10_r128_50k-TTATGATCGAGGTAAA,200,0.007557,0.007557
A23038d0_r128_50K,A/California/81/2023,plate10_r128_50k-TTATGATCGAGGTAAA,400,0.07622,0.07622
A23038d0_r128_50K,A/California/81/2023,plate10_r128_50k-TTATGATCGAGGTAAA,800,0.07003,0.07003
A23038d0_r128_50K,A/California/81/2023,plate10_r128_50k-TTATGATCGAGGTAAA,1600,0.09415,0.09415
A23038d0_r128_50K,A/California/81/2023,plate10_r128_50k-TTATGATCGAGGTAAA,3200,0.2146,0.2146
A23038d0_r128_50K,A/California/81/2023,plate10_r128_50k-TTATGATCGAGGTAAA,6400,0.791,0.791
A23038d0_r128_50K,A/California/81/2023,plate10_r128_50k-TTATGATCGAGGTAAA,1.28e+04,0.3093,0.3093
A23038d0_r128_50K,A/Guangdong-Futian/1980/2023,plate10_r128_50k-TTATGTTTTAATGGTA,100,0.02686,0.02686
A23038d0_r128_50K,A/Guangdong-Futian/1980/2023,plate10_r128_50k-TTATGTTTTAATGGTA,200,0.01856,0.01856
A23038d0_r128_50K,A/Guangdong-Futian/1980/2023,plate10_r128_50k-TTATGTTTTAATGGTA,400,0.05087,0.05087
A23038d0_r128_50K,A/Guangdong-Futian/1980/2023,plate10_r128_50k-TTATGTTTTAATGGTA,800,0.007717,0.007717
A23038d0_r128_50K,A/Guangdong-Futian/1980/2023,plate10_r128_50k-TTATGTTTTAATGGTA,1600,0.06276,0.06276
A23038d0_r128_50K,A/Guangdong-Futian/1980/2023,plate10_r128_50k-TTATGTTTTAATGGTA,3200,0,0
A23038d0_r128_50K,A/Guangdong-Futian/1980/2023,plate10_r128_50k-TTATGTTTTAATGGTA,6400,1.159,1
A23038d0_r128_50K,A/Hong_Kong/2671/2019,plate10_r128_50k-TTCATCAAGTTGGTGC,100,0,0
A23038d0_r128_50K,A/Hong_Kong/2671/2019,plate10_r128_50k-TTCATCAAGTTGGTGC,200,0,0
A23038d0_r128_50K,A/Hong_Kong/2671/2019,plate10_r128_50k-TTCATCAAGTTGGTGC,400,0,0
A23038d0_r128_50K,A/Hong_Kong/2671/2019,plate10_r128_50k-TTCATCAAGTTGGTGC,800,0,0
A23038d0_r128_50K,A/Hong_Kong/2671/2019,plate10_r128_50k-TTCATCAAGTTGGTGC,1600,0,0
A23038d0_r128_50K,A/Hong_Kong/2671/2019,plate10_r128_50k-TTCATCAAGTTGGTGC,3200,0.2433,0.2433
A23038d0_r128_50K,A/Hong_Kong/2671/2019,plate10_r128_50k-TTCATCAAGTTGGTGC,6400,0.575,0.575
A23038d0_r128_50K,A/Hong_Kong/2671/2019,plate10_r128_50k-TTCATCAAGTTGGTGC,1.28e+04,0.6534,0.6534
A23038d0_r128_50K,A/Brisbane/429/2023,plate10_r128_50k-TTGCTAGTCTACCTGA,100,0.01187,0.01187
A23038d0_r128_50K,A/Brisbane/429/2023,plate10_r128_50k-TTGCTAGTCTACCTGA,200,0.0313,0.0313
A23038d0_r128_50K,A/Brisbane/429/2023,plate10_r128_50k-TTGCTAGTCTACCTGA,400,0.03418,0.03418
A23038d0_r128_50K,A/Brisbane/429/2023,plate10_r128_50k-TTGCTAGTCTACCTGA,800,0.0242,0.0242
A23038d0_r128_50K,A/Brisbane/429/2023,plate10_r128_50k-TTGCTAGTCTACCTGA,1600,0.06269,0.06269
A23038d0_r128_50K,A/Brisbane/429/2023,plate10_r128_50k-TTGCTAGTCTACCTGA,3200,0.07834,0.07834
A23038d0_r128_50K,A/Brisbane/429/2023,plate10_r128_50k-TTGCTAGTCTACCTGA,6400,0.1725,0.1725
A23038d0_r128_50K,A/Brisbane/429/2023,plate10_r128_50k-TTGCTAGTCTACCTGA,1.28e+04,0.8822,0.8822
