strain,nucleotide_mutations_list,HA1_mutations_list,HA2_mutations_list,nucleotide_mutations,HA1_protein_mutations,protein_mutations
A/AbuDhabi/6753/2023,"['A24G', 'G213A', 'G222A', 'A352G', 'C413A', 'A426G', 'T449C', 'T484A', 'C531A', 'A532G', 'A639T', 'A732G', 'T878C', 'C896T', 'T989C', 'A1037T', 'C1064T', 'A1181T', 'A1198G', 'T1292C', 'A1403G']","['E50K', 'D53N', 'N96S', 'K121E', 'I140K', 'H156S', 'I192F', 'I223V']",['N49S'],21,8,9
A/Bangkok/P3599/2023,"['A24G', 'G95A', 'G213A', 'G222A', 'A352G', 'C413A', 'T449C', 'T484A', 'C531A', 'A532G', 'A639T', 'A656C', 'A729C', 'A732G', 'T878C', 'C896T', 'T989C', 'A1037T', 'C1064T', 'A1198G', 'A1223G', 'T1346C', 'A1403G', 'T1442C', 'G1643A']","['E50K', 'D53N', 'N96S', 'I140K', 'H156S', 'I192F', 'Q197H', 'I223V']",['N49S'],25,8,9
A/Bangkok/P3755/2023,"['A24G', 'G213A', 'G222A', 'A305G', 'A352G', 'C413A', 'A429G', 'T449C', 'T484A', 'G496A', 'C531A', 'A532G', 'C614T', 'C617T', 'A639T', 'A732G', 'T878C', 'A891G', 'C896T', 'T989C', 'A1037T', 'C1064T', 'A1198G', 'A1403G']","['E50K', 'D53N', 'N96S', 'N122D', 'I140K', 'S144N', 'H156S', 'I192F', 'I223V', 'K276E']",['N49S'],24,10,11
A/Bhutan/0006/2023,"['T56A', 'G63A', 'G101A', 'T208C', 'A209G', 'G222A', 'A352G', 'T365C', 'T449C', 'C531A', 'A532G', 'A583G', 'A639T', 'C860T', 'A863C', 'T878C', 'C896T', 'A1198G', 'C1220T', 'G1424A', 'C1706T']","['I48T', 'D53N', 'N96S', 'H156S', 'Q173R', 'I192F']",['N49S'],21,6,7
A/Bhutan/0845/2023,"['A24G', 'A138G', 'G213A', 'G222A', 'A352G', 'C413A', 'T449C', 'T484A', 'C531A', 'A532G', 'C614T', 'A639T', 'C716T', 'A732G', 'T800C', 'T878C', 'C896T', 'T989C', 'A1037T', 'C1064T', 'G1104A', 'A1198G', 'A1403G']","['I25V', 'E50K', 'D53N', 'N96S', 'I140K', 'H156S', 'I192F', 'I223V']","['V18M', 'N49S']",23,8,10
A/Bhutan/FLU-BTG-00988/2022,"['G143A', 'T182G', 'G222A', 'G312A', 'A352G', 'T449C', 'A485G', 'C531A', 'A532G', 'A639T', 'T878C', 'C896T', 'G899A', 'T989C', 'A1198G', 'T1389G', 'A1499G', 'G1574A', 'C1670A']","['D53N', 'E83K', 'N96S', 'I140M', 'H156S', 'I192F']","['N49S', 'S113A', 'I149M']",19,6,9
A/Brisbane/429/2023,"['T47C', 'A223G', 'T287C', 'C333A', 'A376G', 'T484A', 'C531A', 'A532G', 'T680C', 'T706C', 'A892G', 'C896T', 'G961A', 'G974A', 'G1127A', 'G1340T']","['D53G', 'D104G', 'I140K', 'H156S', 'I214T', 'K276R', 'R299K']",[],16,7,7
A/Busan/1301/2023,"['A223G', 'C333A', 'G422A', 'C531A', 'A532G', 'G632A', 'A892G', 'C896T', 'G1142A', 'G1340T', 'A1517G']","['D53G', 'H156S', 'K276R']",[],11,3,3
A/California/81/2023,"['A24G', 'G213A', 'G222A', 'A275G', 'A306G', 'A352G', 'C413A', 'T449C', 'T484A', 'C531A', 'A532G', 'A639T', 'A732G', 'T878C', 'C896T', 'T989C', 'A1037T', 'C1064T', 'A1198G', 'T1292C', 'A1403G']","['E50K', 'D53N', 'N81D', 'N96S', 'I140K', 'H156S', 'I192F', 'I223V']",['N49S'],21,8,9
A/Catalonia/2041146NS/2023,"['C48A', 'A80G', 'G143A', 'G222A', 'A352G', 'T449C', 'A485G', 'C531A', 'A532G', 'A639T', 'T878C', 'C896T', 'T989C', 'A1198G']","['D53N', 'N96S', 'I140M', 'H156S', 'I192F']",['N49S'],14,5,6
A/Catalonia/NSVH102124476/2023,"['A24G', 'G213A', 'G222A', 'A352G', 'C413A', 'T449C', 'T484A', 'C531A', 'A532G', 'A639T', 'T878C', 'C896T', 'T989C', 'A1037T', 'C1064T', 'A1198G', 'T1292C', 'A1403G', 'C1560A']","['E50K', 'D53N', 'N96S', 'I140K', 'H156S', 'I192F']",['N49S'],19,6,7
A/Chipata/15-NIC-001/2023,"['A24G', 'G213A', 'G222A', 'A352G', 'C413A', 'T449C', 'A452G', 'T484A', 'C531A', 'A532G', 'A639T', 'T657C', 'A685G', 'A732G', 'T878C', 'C896T', 'T989C', 'A1037T', 'C1064T', 'A1198G', 'T1292C', 'A1403G']","['E50K', 'D53N', 'N96S', 'I140K', 'H156S', 'I192F', 'S198P', 'K207R', 'I223V']",['N49S'],22,9,10
A/EHIME/50/2023,"['T83C', 'C152T', 'G163A', 'G188A', 'G213A', 'T300G', 'T368A', 'T484A', 'T650C', 'T653C', 'T740C', 'C743T', 'G850A', 'A1268G', 'C1380T']","['R33Q', 'E50K', 'F79V', 'D101E', 'I140K', 'S262N']",[],15,6,6
A/Finland/391/2023,"['A223G', 'T287C', 'C333A', 'A376G', 'T484A', 'C531A', 'A532G', 'A892G', 'C896T', 'G961A', 'G1340T']","['D53G', 'D104G', 'I140K', 'H156S', 'K276R', 'R299K']",[],11,6,6
A/Finland/399/2023,"['G213A', 'G222A', 'A352G', 'C413A', 'T449C', 'C531A', 'A532G', 'T566C', 'A639T', 'C641T', 'T878C', 'C896T', 'C983T', 'T989C', 'A1037T', 'A1198G', 'G1208A', 'A1271G', 'G1421A', 'G1424A', 'G1562A']","['E50K', 'D53N', 'N96S', 'H156S', 'I192F']",['N49S'],21,5,6
A/Georgia/40/2023,"['A24G', 'G213A', 'G222A', 'A352G', 'C413A', 'T449C', 'G479A', 'T484A', 'C531A', 'A532G', 'A639T', 'A732G', 'A791G', 'T878C', 'C896T', 'T989C', 'A1037T', 'C1064T', 'A1198G', 'T1292C', 'A1403G']","['E50K', 'D53N', 'N96S', 'I140K', 'H156S', 'I192F', 'I223V', 'I242M']",['N49S'],21,8,9
A/Guangdong-Futian/1980/2023,"['A24G', 'G213A', 'G222A', 'A352G', 'C383A', 'G399A', 'C413A', 'T449C', 'A452G', 'T484A', 'C531A', 'A532G', 'A639T', 'A732G', 'T878C', 'C896T', 'T989C', 'A1037T', 'C1064T', 'A1198G', 'T1292C', 'A1403G', 'G1574A', 'G1578A']","['E50K', 'D53N', 'N96S', 'V112I', 'I140K', 'H156S', 'I192F', 'I223V']","['N49S', 'V176I']",24,8,10
A/Jeju/1047/2023,"['G213A', 'T300G', 'T484A', 'G557A', 'G626A', 'T650C', 'A689G', 'T740C', 'C743T', 'A1046G', 'A1268G']","['E50K', 'F79V', 'I140K']",[],11,3,3
A/KANAGAWA/AC2316/2023,"['A223G', 'T287C', 'C333A', 'A376G', 'C437A', 'T484A', 'T509C', 'C531A', 'A532G', 'T887A', 'A892G', 'C896T', 'C947T', 'G961A', 'G1340T']","['D53G', 'D104G', 'S124R', 'I140K', 'H156S', 'K276R', 'R299K']",[],15,7,7
A/KANAGAWA/IC2239/2023,"['A223G', 'T287C', 'C333A', 'A376G', 'T484A', 'C531A', 'A532G', 'A892G', 'C896T', 'G961A', 'A1042G', 'G1340T']","['D53G', 'D104G', 'I140K', 'H156S', 'K276R', 'R299K', 'K326R']",[],12,7,7
A/Krabi/THIS050/2023,"['A24G', 'A206G', 'G213A', 'G222A', 'A352G', 'C413A', 'G419A', 'G436A', 'T449C', 'T484A', 'G488A', 'G499A', 'C531A', 'A532G', 'A639T', 'A732G', 'A776G', 'T878C', 'C896T', 'T989C', 'C1001T', 'A1037T', 'C1064T', 'A1198G', 'T1292C', 'A1403G', 'A1479G']","['E50K', 'D53N', 'N96S', 'S124N', 'I140K', 'S145N', 'H156S', 'I192F', 'I223V']","['N49S', 'K143E']",27,9,11
A/Luga/RII-11393S/2023,"['T83C', 'G213A', 'T300G', 'T425C', 'A468G', 'T484A', 'T650C', 'T653C', 'T740C', 'C743T', 'G850A', 'G871A', 'A1268G', 'T1637C']","['E50K', 'F79V', 'T135A', 'I140K', 'S262N', 'R269K']",[],14,6,6
A/Malaysia/IMR-SARI1989/2023,"['A24G', 'G213A', 'G222A', 'A352G', 'C413A', 'T449C', 'A452G', 'T484A', 'C531A', 'A532G', 'A639T', 'T657C', 'A732G', 'C860T', 'T878C', 'C896T', 'T989C', 'A1037T', 'C1064T', 'A1198G', 'A1223G', 'T1292C', 'A1403G']","['E50K', 'D53N', 'N96S', 'I140K', 'H156S', 'I192F', 'S198P', 'I223V']",['N49S'],23,8,9
A/Maldives/852/2023,"['A24G', 'C126A', 'G213A', 'G222A', 'A352G', 'C413A', 'T449C', 'A452G', 'T484A', 'C531A', 'A532G', 'A639T', 'A732G', 'T878C', 'C896T', 'T989C', 'A1037T', 'C1064T', 'A1198G', 'T1292C', 'A1403G']","['P21T', 'E50K', 'D53N', 'N96S', 'I140K', 'H156S', 'I192F', 'I223V']",['N49S'],21,8,9
A/Massachusetts/18/2022,"['A24G', 'G213A', 'G222A', 'A352G', 'C413A', 'G422A', 'T449C', 'T484A', 'C531A', 'A532G', 'A639T', 'A732G', 'T878C', 'C896T', 'T989C', 'A1037T', 'C1064T', 'A1198G', 'T1292C', 'A1403G']","['E50K', 'D53N', 'N96S', 'I140K', 'H156S', 'I192F', 'I223V']",['N49S'],20,7,8
A/Netherlands/01685/2023,"['A24G', 'G79A', 'G213A', 'G222A', 'A352G', 'C413A', 'T449C', 'T484A', 'C531A', 'A532G', 'A639T', 'A732G', 'G830A', 'T878C', 'C896T', 'T989C', 'C1004T', 'A1037T', 'C1064T', 'A1198G', 'C1337T', 'A1403G', 'T1580C']","['G5E', 'E50K', 'D53N', 'N96S', 'I140K', 'H156S', 'I192F', 'I223V']",['N49S'],23,8,9
A/Netherlands/01693/2023,"['A24G', 'G213A', 'G222A', 'A305G', 'A352G', 'C413A', 'A429G', 'T449C', 'T484A', 'C531A', 'A532G', 'C614T', 'C617T', 'A639T', 'A732G', 'T878C', 'A891G', 'C896T', 'T989C', 'A1037T', 'A1045G', 'C1064T', 'A1198G', 'A1403G']","['E50K', 'D53N', 'N96S', 'N122D', 'I140K', 'H156S', 'I192F', 'I223V', 'K276E', 'Q327R']",['N49S'],24,10,11
A/Netherlands/01760/2023,"['A24G', 'G213A', 'G222A', 'A252G', 'A352G', 'C413A', 'T449C', 'T484A', 'T494C', 'C531A', 'A532G', 'A639T', 'A732G', 'G830A', 'T878C', 'C896T', 'T989C', 'C1004T', 'A1037T', 'C1064T', 'G1104A', 'G1127A', 'A1198G', 'C1337T', 'A1403G', 'T1580C']","['E50K', 'D53N', 'N63D', 'N96S', 'I140K', 'H156S', 'I192F', 'I223V']","['V18M', 'N49S']",26,8,10
A/Oman/3011/2023,"['A24G', 'G213A', 'G222A', 'G298A', 'A352G', 'C413A', 'T449C', 'T484A', 'C531A', 'A532G', 'A639T', 'A732G', 'T878C', 'C896T', 'T989C', 'A1037T', 'C1064T', 'A1198G', 'T1292C', 'A1403G', 'C1560A']","['E50K', 'D53N', 'G78D', 'N96S', 'I140K', 'H156S', 'I192F', 'I223V']",['N49S'],21,8,9
A/Ontario/RV00796/2023,"['A24G', 'T59C', 'G213A', 'G222A', 'A305G', 'A352G', 'C413A', 'A429G', 'T449C', 'T484A', 'C531A', 'A532G', 'C614T', 'C617T', 'A639T', 'A732G', 'T878C', 'A891G', 'C896T', 'T989C', 'A1037T', 'C1064T', 'A1198G', 'A1403G']","['E50K', 'D53N', 'N96S', 'N122D', 'I140K', 'H156S', 'I192F', 'I223V', 'K276E']",['N49S'],24,9,10
A/Romania/543634/2022,"['T83C', 'G163A', 'G213A', 'T300G', 'T484A', 'T650C', 'T653C', 'T740C', 'C743T', 'T833C', 'C1004T', 'A1268G', 'C1364T', 'C1380T']","['R33Q', 'E50K', 'F79V', 'I140K']",[],14,4,4
A/SENDAI/45/2023,"['G213A', 'T300G', 'T356C', 'T389G', 'A468G', 'T484A', 'T650C', 'T653C', 'T740C', 'C743T', 'T833G', 'G850A', 'A1058C', 'A1268G', 'G1541A', 'C1654T']","['E50K', 'F79V', 'T135A', 'I140K', 'S262N']",['A201V'],16,5,6
A/SOUTHAFRICA/R07876/2023,"['A24G', 'G101T', 'G213A', 'G222A', 'A352G', 'C413A', 'T449C', 'T484A', 'C531A', 'A532G', 'A639T', 'A732G', 'C780T', 'T878C', 'C896T', 'T989C', 'A1034C', 'A1037T', 'C1064T', 'A1198G', 'T1292C', 'A1403G']","['E50K', 'D53N', 'N96S', 'I140K', 'H156S', 'I192F', 'I223V', 'P239S']",['N49S'],22,8,9
A/Saint-Petersburg/RII-166/2023,"['G213A', 'G222A', 'C284T', 'T287C', 'A352G', 'A398G', 'C413A', 'T449C', 'T484A', 'C531A', 'A532G', 'A583G', 'A639T', 'A732G', 'A818G', 'T878C', 'A891G', 'C896T', 'T989C', 'A1034G', 'A1037T', 'G1142A', 'A1198G', 'G1205A', 'G1541A', 'G1688A']","['E50K', 'D53N', 'N96S', 'I140K', 'H156S', 'Q173R', 'I192F', 'I223V', 'K276E']",['N49S'],26,9,10
A/SamutSongkhram/THIS061/2023,"['A24G', 'G95A', 'G213A', 'G222A', 'A352G', 'C413A', 'T449C', 'T484A', 'C531A', 'A532G', 'A639T', 'A656C', 'A729C', 'A732G', 'T878C', 'C896T', 'A963G', 'T989C', 'A1037T', 'C1064T', 'A1198G', 'T1346C', 'A1403G', 'T1442C', 'G1643A']","['E50K', 'D53N', 'N96S', 'I140K', 'H156S', 'I192F', 'Q197H', 'I223V', 'I300V']",['N49S'],25,9,10
A/Saskatchewan/SKFLU317847/2023,"['A24G', 'A147G', 'G213A', 'G222A', 'A352G', 'C413A', 'T449C', 'T484A', 'G499A', 'C531A', 'A532G', 'A639T', 'A732G', 'T878C', 'C896T', 'T989C', 'A1037T', 'C1064T', 'A1198G', 'T1292C', 'A1403G', 'C1610T']","['T28A', 'E50K', 'D53N', 'N96S', 'I140K', 'S145N', 'H156S', 'I192F', 'I223V']",['N49S'],22,9,10
A/Schleswig-Holstein/4/2023,"['T83C', 'G163A', 'G213A', 'T300G', 'T484A', 'T509C', 'T650C', 'T653C', 'T740C', 'C743T', 'G850A', 'A1268G', 'C1380T', 'A1601G']","['R33Q', 'E50K', 'F79V', 'I140K', 'S262N']",[],14,5,5
A/Solwezi/13-NIC-001/2023,"['A24G', 'G38A', 'C126A', 'G213A', 'G222A', 'T227C', 'A352G', 'C413A', 'A429G', 'T449C', 'T484A', 'C531A', 'A532G', 'C614T', 'C617T', 'A639T', 'A732G', 'T878C', 'C896T', 'T989C', 'A1037T', 'C1064T', 'C1187T', 'A1198G', 'A1403G']","['P21T', 'E50K', 'D53N', 'N96S', 'N122D', 'I140K', 'H156S', 'I192F', 'I223V']",['N49S'],25,9,10
A/SouthAfrica/K056863/2023,"['A24G', 'G101T', 'C108A', 'G213A', 'G222A', 'A352G', 'C413A', 'T449C', 'T484A', 'C531A', 'A532G', 'A639T', 'A732G', 'T878C', 'C896T', 'T989C', 'A1034C', 'A1037T', 'C1064T', 'A1198G', 'T1292C', 'G1358A', 'A1403G', 'T1490C']","['L15I', 'E50K', 'D53N', 'N96S', 'I140K', 'H156S', 'I192F', 'I223V']",['N49S'],24,8,9
A/SouthAfrica/K056872/2023,"['A24G', 'G101T', 'A164G', 'G213A', 'G222A', 'A352G', 'C413A', 'G422A', 'C448T', 'T449C', 'T484A', 'C531A', 'A532G', 'A536G', 'A639T', 'A732G', 'T878C', 'C896T', 'T989C', 'A1034C', 'A1037T', 'C1064T', 'A1198G', 'T1292C', 'A1403G', 'A1517G']","['E50K', 'D53N', 'N96S', 'T128I', 'I140K', 'H156S', 'I192F', 'I223V']",['N49S'],26,8,9
A/SouthAfrica/PET28931/2023,"['A24G', 'G101T', 'G163A', 'G213A', 'G222A', 'A352G', 'C413A', 'T449C', 'T484A', 'C531A', 'A532G', 'A639T', 'A732G', 'T878C', 'C896T', 'T989C', 'A1034C', 'A1037T', 'C1064T', 'A1198G', 'T1292C', 'A1403G']","['R33Q', 'E50K', 'D53N', 'N96S', 'I140K', 'H156S', 'I192F', 'I223V']",['N49S'],22,8,9
A/SouthAfrica/R05384/2023,"['G113A', 'G213A', 'T276C', 'T300G', 'C350T', 'G479T', 'T484A', 'A583T', 'T650C', 'G699A', 'T740C', 'C743T', 'A791G', 'G995A', 'T1088C', 'A1268G', 'G1535A', 'T1652C']","['E50K', 'F79V', 'I140K', 'Q173L', 'A212T', 'I242M']",[],18,6,6
A/SouthAfrica/R05510/2023,"['A24G', 'G101T', 'G213A', 'G222A', 'A352G', 'C413A', 'T449C', 'T484A', 'C531A', 'A532G', 'A639T', 'A732G', 'T878C', 'C896T', 'G961A', 'T989C', 'A1034C', 'A1037T', 'C1064T', 'A1198G', 'T1292C', 'G1340A', 'A1403G']","['E50K', 'D53N', 'N96S', 'I140K', 'H156S', 'I192F', 'I223V', 'R299K']",['N49S'],23,8,9
A/SouthAfrica/R06240/2023,"['A24G', 'C94T', 'G101T', 'G213A', 'G222A', 'A352G', 'C413A', 'T449C', 'T484A', 'C531A', 'A532G', 'A639T', 'A732G', 'T878C', 'C896T', 'T989C', 'A1034C', 'A1037T', 'C1064T', 'A1198G', 'A1403G']","['T10M', 'E50K', 'D53N', 'N96S', 'I140K', 'H156S', 'I192F', 'I223V']",['N49S'],21,8,9
A/SouthAfrica/R06359/2023,"['A223G', 'T227C', 'T287C', 'C333A', 'A376G', 'T484A', 'C531A', 'A532G', 'G888A', 'A892G', 'C896T', 'G961A', 'C1262T', 'G1340T']","['D53G', 'D104G', 'I140K', 'H156S', 'G275S', 'K276R', 'R299K']",[],14,7,7
A/SouthAfrica/R06477/2023,"['A24G', 'G79T', 'G101T', 'G213A', 'G222A', 'A352G', 'C413A', 'T449C', 'T484A', 'C531A', 'A532G', 'A639T', 'A732G', 'T878C', 'C896T', 'T989C', 'A1034C', 'A1037T', 'C1064T', 'A1198G', 'T1292C', 'A1403G']","['G5V', 'E50K', 'D53N', 'N96S', 'I140K', 'H156S', 'I192F', 'I223V']",['N49S'],22,8,9
A/SouthAfrica/R06506/2023,"['G213A', 'T276C', 'T300G', 'A306G', 'C350T', 'G479T', 'T484A', 'T650C', 'T740C', 'C743T', 'A791G', 'G995A', 'T1088C', 'A1268G', 'G1535A', 'G1574A', 'T1652C']","['E50K', 'F79V', 'N81D', 'I140K', 'I242M']",[],17,5,5
A/SouthAfrica/R07073/2023,"['G213A', 'G222A', 'G251A', 'T276C', 'T300G', 'C350T', 'C359T', 'G479T', 'T484A', 'T650C', 'T740C', 'C743T', 'A791G', 'G995A', 'T1088C', 'A1169G', 'A1268G', 'G1421A', 'G1535A', 'T1652C']","['E50K', 'D53N', 'F79V', 'I140K', 'I242M']",[],20,5,5
A/SouthAfrica/R07188/2023,"['A24G', 'G101T', 'G213A', 'G222A', 'A352G', 'C413A', 'G436A', 'T449C', 'T484A', 'C531A', 'A532G', 'A639T', 'A732G', 'T878C', 'C896T', 'T989C', 'A1034C', 'A1037T', 'C1064T', 'A1198G', 'T1292C', 'A1403G']","['E50K', 'D53N', 'N96S', 'S124N', 'I140K', 'H156S', 'I192F', 'I223V']",['N49S'],22,8,9
A/SouthDakota/22/2023,"['G213A', 'T300G', 'T368A', 'T484A', 'G557A', 'G626A', 'T650C', 'A689G', 'T740C', 'C743T', 'A1046G', 'A1268G']","['E50K', 'F79V', 'D101E', 'I140K']",[],12,4,4
A/SouthSudan/631/2023,"['G222A', 'C320T', 'A352G', 'T449C', 'C531A', 'A532G', 'A639T', 'T878C', 'A891G', 'C896T', 'T989C', 'T1130C', 'A1198G', 'G1562A']","['D53N', 'N96S', 'H156S', 'I192F', 'K276E']",['N49S'],14,5,6
A/SouthSudan/642/2023,"['G222A', 'C320T', 'A352G', 'T377C', 'T449C', 'C531A', 'A532G', 'A639T', 'A785G', 'T878C', 'A891G', 'C896T', 'G899T', 'C931T', 'T989C', 'T1130C', 'A1198G', 'A1259G', 'G1373A', 'G1562A']","['D53N', 'N96S', 'H156S', 'I192F', 'K276E', 'K278N', 'P289L']",['N49S'],20,7,8
A/SuratThani/P152/2023,"['A85G', 'G213A', 'T300G', 'T484A', 'C533T', 'G557A', 'G626A', 'T650C', 'A689G', 'T740C', 'C743T', 'A1268G', 'C1526T']","['D7G', 'E50K', 'F79V', 'I140K']",[],13,4,4
A/Sydney/332/2023,"['A24G', 'G213A', 'G222A', 'A352G', 'C413G', 'A429G', 'T449C', 'T484A', 'C531A', 'A532G', 'C614T', 'C617T', 'A639T', 'A732G', 'T878C', 'C896T', 'T989C', 'A1037T', 'C1064T', 'A1198G', 'A1403G']","['E50K', 'D53N', 'N96S', 'N122D', 'I140K', 'H156S', 'I192F', 'I223V']",['N49S'],21,8,9
A/Sydney/710/2023,"['A24G', 'G213A', 'G222A', 'A352G', 'C413A', 'T449C', 'A452G', 'T484A', 'G499A', 'C531A', 'A532G', 'A639T', 'A732G', 'T878C', 'C896T', 'T989C', 'A1037T', 'C1064T', 'G1097A', 'A1198G', 'T1292C', 'A1403G', 'C1492T', 'T1651C']","['E50K', 'D53N', 'N96S', 'I140K', 'S145N', 'H156S', 'I192F', 'I223V']","['N49S', 'A147V', 'I200T']",24,8,11
A/Sydney/715/2023,"['A24G', 'G213A', 'G222A', 'A352G', 'G375A', 'C383A', 'C413A', 'T449C', 'A452G', 'T484A', 'C531A', 'A532G', 'A639T', 'A732G', 'T878C', 'T989C', 'A1037T', 'C1064T', 'A1198G', 'T1292C', 'A1403G', 'G1574A', 'G1578A']","['E50K', 'D53N', 'N96S', 'D104N', 'I140K', 'H156S', 'I192F', 'I223V']","['N49S', 'V176I']",23,8,10
A/Sydney/749/2023,"['A24G', 'G213A', 'G222A', 'A352G', 'C382T', 'C413A', 'T449C', 'T484A', 'C531A', 'A532G', 'A639T', 'A732G', 'T878C', 'C896T', 'A956C', 'T989C', 'A1037T', 'C1064T', 'A1198G', 'T1292C', 'A1403G']","['E50K', 'D53N', 'N96S', 'A106V', 'I140K', 'H156S', 'I192F', 'I223V']",['N49S'],21,8,9
A/TECPAN/017FLU/2023,"['G213A', 'T300G', 'G392A', 'T484A', 'T650C', 'A665G', 'T740C', 'C743T', 'A791G', 'T1088C', 'G1104A', 'A1268G']","['E50K', 'F79V', 'I140K', 'I242M']",['V18M'],12,4,5
A/Townsville/68/2023,"['A24G', 'T89C', 'G213A', 'G222A', 'A352G', 'C413A', 'T449C', 'A452G', 'T484A', 'C531A', 'A532G', 'A639T', 'A732G', 'T878C', 'G889A', 'C896T', 'T989C', 'A1037T', 'C1064T', 'G1188A', 'A1198G', 'T1292C', 'A1403G']","['E50K', 'D53N', 'N96S', 'I140K', 'H156S', 'I192F', 'I223V', 'G275D']","['D46N', 'N49S']",23,8,10
A/Victoria/1033/2023,"['A24G', 'G213A', 'G222A', 'A352G', 'C413A', 'T449C', 'T484A', 'C531A', 'A532G', 'A639T', 'A732G', 'T878C', 'C896T', 'A897G', 'T989C', 'A1037T', 'C1064T', 'A1198G', 'T1292C', 'A1403G']","['E50K', 'D53N', 'N96S', 'I140K', 'H156S', 'I192F', 'I223V', 'K278E']",['N49S'],20,8,9
A/Wisconsin/27/2023,"['A24G', 'G213A', 'G222A', 'A352G', 'C413A', 'T449C', 'A452G', 'T484A', 'C531A', 'A532G', 'A639T', 'A732G', 'T878C', 'C896T', 'T989C', 'G990A', 'A1037T', 'C1064T', 'A1198G', 'T1292C', 'A1403G']","['E50K', 'D53N', 'N96S', 'I140K', 'H156S', 'I192F', 'I223V', 'V309I']",['N49S'],21,8,9
A/YAMAGATA/98/2023,"['G79A', 'T83C', 'G213A', 'T300G', 'A468G', 'T484A', 'T650C', 'T653C', 'T740C', 'C743T', 'G850A', 'A1268G']","['G5E', 'E50K', 'F79V', 'T135A', 'I140K', 'S262N']",[],12,6,6
