index;seqName;clade;short-clade;subclade;RBD;glycosylation;qc.overallScore;qc.overallStatus;totalSubstitutions;totalDeletions;totalInsertions;totalFrameShifts;totalMissing;totalNonACGTNs;totalAminoacidSubstitutions;totalAminoacidDeletions;totalAminoacidInsertions;totalUnknownAa;alignmentScore;alignmentStart;alignmentEnd;coverage;isReverseComplement;substitutions;deletions;insertions;frameShifts;aaSubstitutions;aaDeletions;aaInsertions;privateNucMutations.reversionSubstitutions;privateNucMutations.labeledSubstitutions;privateNucMutations.unlabeledSubstitutions;privateNucMutations.totalReversionSubstitutions;privateNucMutations.totalLabeledSubstitutions;privateNucMutations.totalUnlabeledSubstitutions;privateNucMutations.totalPrivateSubstitutions;missing;founderMuts['clade'].nodeName;founderMuts['clade'].substitutions;founderMuts['clade'].deletions;founderMuts['clade'].aaSubstitutions;founderMuts['clade'].aaDeletions;founderMuts['subclade'].nodeName;founderMuts['subclade'].substitutions;founderMuts['subclade'].deletions;founderMuts['subclade'].aaSubstitutions;founderMuts['subclade'].aaDeletions;founderMuts['short-clade'].nodeName;founderMuts['short-clade'].substitutions;founderMuts['short-clade'].deletions;founderMuts['short-clade'].aaSubstitutions;founderMuts['short-clade'].aaDeletions;unknownAaRanges;nonACGTNs;qc.missingData.missingDataThreshold;qc.missingData.score;qc.missingData.status;qc.missingData.totalMissing;qc.mixedSites.mixedSitesThreshold;qc.mixedSites.score;qc.mixedSites.status;qc.mixedSites.totalMixedSites;qc.privateMutations.cutoff;qc.privateMutations.excess;qc.privateMutations.score;qc.privateMutations.status;qc.privateMutations.total;qc.snpClusters.clusteredSNPs;qc.snpClusters.score;qc.snpClusters.status;qc.snpClusters.totalSNPs;qc.frameShifts.frameShifts;qc.frameShifts.totalFrameShifts;qc.frameShifts.frameShiftsIgnored;qc.frameShifts.totalFrameShiftsIgnored;qc.frameShifts.score;qc.frameShifts.status;qc.stopCodons.stopCodons;qc.stopCodons.totalStopCodons;qc.stopCodons.score;qc.stopCodons.status;totalPcrPrimerChanges;pcrPrimerChanges;failedCdses;warnings;errors
0;A/Switzerland/9715293/2013;3C.3a;3C.3a;C;4;"HA1:8:NST;HA1:22:NGT;HA1:38:NAT;HA1:45:NSS;HA1:63:NCT;HA1:122:NES;HA1:133:NGT;HA1:144:NSS;HA1:165:NVT;HA1:246:NST;HA1:285:NGS;HA2:154:NGT";0;good;62;0;0;0;0;0;27;0;0;0;4855;1;1701;0.990104772991851;false;A25T,T39G,A55C,A57T,A138G,T172C,A186C,G206A,G233A,G234A,G264A,C279T,G295A,A316C,G323A,A328T,A411C,A430G,A440C,A441T,G460T,G462T,G479A,T489C,A514C,G515A,A523T,A524C,T527A,T531C,C538T,A539T,G540A,G561T,A605G,A616G,C626T,T632A,T636A,A693G,T879C,G927A,C987T,A1025G,C1032T,A1074T,T1104C,A1206G,A1260G,G1264A,A1269G,T1296A,G1356A,C1362T,A1437C,A1491C,A1499G,A1513G,G1518A,G1614A,A1633G,A1683G;;;;HA1:I3L,HA1:G53D,HA1:G62E,HA1:E83K,HA1:R92K,HA1:N94Y,HA1:K121N,HA1:T128A,HA1:K131T,HA1:A138S,HA1:S144N,HA1:S156H,HA1:N159S,HA1:I160K,HA1:Q164L,HA1:K171N,HA1:D186G,HA1:N190D,HA1:S193F,HA1:F195Y,HA1:K326R,HA2:V77I,HA2:E155G,HA2:N160D,HA2:M193I,HA2:I200V,SigPep:N9Y;;;;;A1513G;0;0;1;1;;NODE_0000627;A1513G;;HA2:N160D;;NODE_0000627;A1513G;;HA2:N160D;;NODE_0000627;A1513G;;HA2:N160D;;;;;;;;4;0;good;0;15;-4;0;good;1;;;;;;0;;0;0;good;;0;0;good;0;;;;
1;A/Switzerland/9715293/2013_NIB-88;3C.3a;3C.3a;C;4;"HA1:8:NST;HA1:22:NGT;HA1:38:NAT;HA1:45:NSS;HA1:63:NCT;HA1:122:NES;HA1:133:NGT;HA1:144:NSS;HA1:165:NVT;HA1:246:NST;HA1:285:NGS;HA2:154:NGT";0;good;64;0;0;0;0;0;29;0;0;0;4847;1;1701;0.990104772991851;false;A25T,T39G,A55C,A57T,A138G,T172C,A186C,G206A,G233A,G234A,G264A,C279T,G295A,A316C,G323A,A328T,A411C,A430G,A440C,A441T,G460T,G462T,T467G,G479A,T489C,A514C,G515A,A523T,A524C,T527A,T531C,C538T,A539T,G540A,G561T,A605T,A616G,C626T,T632A,T636A,A693G,C704A,T879C,G927A,C987T,A1025G,C1032T,A1074T,T1104C,A1206G,A1260G,G1264A,A1269G,T1296A,G1356A,C1362T,A1437C,A1491C,A1499G,A1513G,G1518A,G1614A,A1633G,A1683G;;;;HA1:I3L,HA1:G53D,HA1:G62E,HA1:E83K,HA1:R92K,HA1:N94Y,HA1:K121N,HA1:T128A,HA1:K131T,HA1:A138S,HA1:I140R,HA1:S144N,HA1:S156H,HA1:N159S,HA1:I160K,HA1:Q164L,HA1:K171N,HA1:D186V,HA1:N190D,HA1:S193F,HA1:F195Y,HA1:S219Y,HA1:K326R,HA2:V77I,HA2:E155G,HA2:N160D,HA2:M193I,HA2:I200V,SigPep:N9Y;;;;;T467G,G605T,C704A,A1513G;0;0;4;4;;NODE_0000627;T467G,G605T,C704A,A1513G;;HA1:I140R,HA1:G186V,HA1:S219Y,HA2:N160D;;NODE_0000627;T467G,G605T,C704A,A1513G;;HA1:I140R,HA1:G186V,HA1:S219Y,HA2:N160D;;NODE_0000627;T467G,G605T,C704A,A1513G;;HA1:I140R,HA1:G186V,HA1:S219Y,HA2:N160D;;;;;;;;4;0;good;0;15;-1;0;good;4;;;;;;0;;0;0;good;;0;0;good;0;;;;
2;A/Texas/50/2012_X-223A_13/252;3C;3C;A;4;"HA1:8:NST;HA1:22:NGT;HA1:38:NAT;HA1:45:NSS;HA1:63:NCT;HA1:122:NES;HA1:133:NGT;HA1:144:NNS;HA1:165:NVT;HA1:246:NST;HA1:285:NGS;HA2:154:NGT";64;mediocre;67;0;15;0;0;0;31;0;0;0;4886;1;1718;1;false;A25T,T39G,A55C,A57T,A138G,G171A,T172C,A186C,G206A,G233A,G234A,G264A,C279T,T285C,G295A,A316C,G323A,A328T,A411C,C431A,A440C,A441T,G462T,G472A,G479A,G482A,T489C,A514C,G515A,A523T,A524T,T527A,T531C,C538T,A539T,G561T,A605T,A616G,C626T,T632A,T640C,A693G,C704T,G721A,T725A,T879C,G927A,C987T,A1011G,C1032T,A1074T,A1206G,A1260G,G1264A,A1269G,G1356A,C1362T,A1437C,A1491C,A1499G,A1513G,G1518A,G1524A,G1614A,A1633G,A1683G,A1709G;;1718:ACCCTTGTTTCTACT;;HA1:I3L,HA1:G53D,HA1:G62E,HA1:E83K,HA1:R92K,HA1:N94Y,HA1:K121N,HA1:T128N,HA1:K131T,HA1:G142R,HA1:S144N,HA1:S145N,HA1:S156H,HA1:N159F,HA1:I160K,HA1:Q164L,HA1:K171N,HA1:D186V,HA1:N190D,HA1:S193F,HA1:F195Y,HA1:S198P,HA1:S219F,HA1:D225N,HA1:I226N,HA2:V77I,HA2:E155G,HA2:N160D,HA2:M193I,HA2:I200V,SigPep:N9Y;;;C1104T;;A55C,G171A,T285C,C431A,G472A,G482A,C524T,G605T,T640C,C704T,G721A,T725A,A1011G,A1513G,G1524A,A1709G;1;0;16;17;;NODE_0000813;A55C,G171A,T285C,C431A,G472A,G482A,C524T,G605T,T640C,C704T,G721A,T725A,A1011G,C1104T,A1513G,G1524A,A1709G;;HA1:I3L,HA1:T128N,HA1:G142R,HA1:S145N,HA1:S159F,HA1:G186V,HA1:S198P,HA1:S219F,HA1:D225N,HA1:I226N,HA2:N160D;;NODE_0000813;A55C,G171A,T285C,C431A,G472A,G482A,C524T,G605T,T640C,C704T,G721A,T725A,A1011G,C1104T,A1513G,G1524A,A1709G;;HA1:I3L,HA1:T128N,HA1:G142R,HA1:S145N,HA1:S159F,HA1:G186V,HA1:S198P,HA1:S219F,HA1:D225N,HA1:I226N,HA2:N160D;;NODE_0000813;A55C,G171A,T285C,C431A,G472A,G482A,C524T,G605T,T640C,C704T,G721A,T725A,A1011G,C1104T,A1513G,G1524A,A1709G;;HA1:I3L,HA1:T128N,HA1:G142R,HA1:S145N,HA1:S159F,HA1:G186V,HA1:S198P,HA1:S219F,HA1:D225N,HA1:I226N,HA2:N160D;;;;;;;;4;0;good;0;15;12;80;mediocre;17;;;;;;0;;0;0;good;;0;0;good;0;;;;
3;A/Texas/50/2012;3C;3C;A;4;"HA1:8:NST;HA1:22:NGT;HA1:38:NAT;HA1:45:NSS;HA1:63:NCT;HA1:122:NES;HA1:133:NGT;HA1:144:NNS;HA1:165:NVT;HA1:246:NST;HA1:285:NGS;HA2:154:NGT";28.444444;good;64;0;0;0;0;0;29;0;0;0;4847;1;1701;0.990104772991851;false;A25T,T39G,A55C,A57T,A138G,G171A,T172C,A186C,G206A,G233A,G234A,G264A,C279T,T285C,G295A,A316C,G323A,A328T,A411C,C431A,A440C,A441T,G462T,G472A,G479A,G482A,T489C,A514C,G515A,A523T,A524T,T527A,T531C,C538T,A539T,G561T,A605G,A616G,C626T,T632A,T640C,A693G,G721A,T879C,G927A,C987T,A1011G,C1032T,A1074T,A1206G,A1260G,G1264A,A1269G,G1356A,C1362T,A1437C,A1491C,A1499G,A1513G,G1518A,G1524A,G1614A,A1633G,A1683G;;;;HA1:I3L,HA1:G53D,HA1:G62E,HA1:E83K,HA1:R92K,HA1:N94Y,HA1:K121N,HA1:T128N,HA1:K131T,HA1:G142R,HA1:S144N,HA1:S145N,HA1:S156H,HA1:N159F,HA1:I160K,HA1:Q164L,HA1:K171N,HA1:D186G,HA1:N190D,HA1:S193F,HA1:F195Y,HA1:S198P,HA1:D225N,HA2:V77I,HA2:E155G,HA2:N160D,HA2:M193I,HA2:I200V,SigPep:N9Y;;;C1104T;;A55C,G171A,T285C,C431A,G472A,G482A,C524T,T640C,G721A,A1011G,A1513G,G1524A;1;0;12;13;;NODE_0000813;A55C,G171A,T285C,C431A,G472A,G482A,C524T,T640C,G721A,A1011G,C1104T,A1513G,G1524A;;HA1:I3L,HA1:T128N,HA1:G142R,HA1:S145N,HA1:S159F,HA1:S198P,HA1:D225N,HA2:N160D;;NODE_0000813;A55C,G171A,T285C,C431A,G472A,G482A,C524T,T640C,G721A,A1011G,C1104T,A1513G,G1524A;;HA1:I3L,HA1:T128N,HA1:G142R,HA1:S145N,HA1:S159F,HA1:S198P,HA1:D225N,HA2:N160D;;NODE_0000813;A55C,G171A,T285C,C431A,G472A,G482A,C524T,T640C,G721A,A1011G,C1104T,A1513G,G1524A;;HA1:I3L,HA1:T128N,HA1:G142R,HA1:S145N,HA1:S159F,HA1:S198P,HA1:D225N,HA2:N160D;;;;;;;;4;0;good;0;15;8;53.333333;mediocre;13;;;;;;0;;0;0;good;;0;0;good;0;;;;
4;A/Hong_Kong/4801/2014_15/192;3C.2a;3C.2a;B;5;"HA1:8:NST;HA1:22:NGT;HA1:38:NAT;HA1:45:NSS;HA1:63:NCT;HA1:122:NES;HA1:126:NWT;HA1:133:NGT;HA1:165:NVT;HA1:246:NST;HA1:285:NGS;HA2:154:NGT";0;good;51;0;15;0;0;0;25;0;0;0;4950;1;1718;1;false;A25T,T39G,A57T,A138G,T172C,A186C,G206A,G233A,G234A,G264A,C279T,G295A,A316C,G323A,A328T,A335G,A411C,A440C,A441T,G462T,G472A,T489C,A514C,G515A,A523T,T527A,T531C,C538T,A539T,G561T,A605G,A616G,C626T,T629C,T632A,T879C,G927A,A981T,C987T,C1032T,A1074T,A1206G,G1264A,A1269G,G1356A,C1362T,A1437C,A1499G,G1614A,A1633G,A1683G;;1718:ACCCTTGTTTCTACT;;HA1:G53D,HA1:G62E,HA1:E83K,HA1:R92K,HA1:N94Y,HA1:N96S,HA1:K121N,HA1:K131T,HA1:G142R,HA1:S156H,HA1:N159Y,HA1:I160K,HA1:Q164L,HA1:K171N,HA1:D186G,HA1:N190D,HA1:S193F,HA1:L194P,HA1:F195Y,HA1:Q311H,HA2:V77I,HA2:E155G,HA2:M193I,HA2:I200V,SigPep:N9Y;;;;;A138G,A335G,C527A,T629C,A1437C;0;0;5;5;;NODE_0000610;A138G,A335G,C527A,T629C,A1437C;;HA1:N96S,HA1:T160K,HA1:L194P;;NODE_0000610;A138G,A335G,C527A,T629C,A1437C;;HA1:N96S,HA1:T160K,HA1:L194P;;NODE_0000610;A138G,A335G,C527A,T629C,A1437C;;HA1:N96S,HA1:T160K,HA1:L194P;;;;;;;;4;0;good;0;15;0;0;good;5;;;;;;0;;0;0;good;;0;0;good;0;;;;
5;A/Hong_Kong/4801/2014;3C.2a;3C.2a;B;4;"HA1:8:NST;HA1:22:NGT;HA1:38:NAT;HA1:45:NSS;HA1:63:NCT;HA1:122:NES;HA1:126:NWT;HA1:133:NGT;HA1:158:NYT;HA1:165:NVT;HA1:246:NST;HA1:285:NGS;HA2:154:NGT";0;good;49;0;0;0;0;0;23;0;0;0;4907;1;1701;0.990104772991851;false;A25T,T39G,A57T,A138G,T172C,A186C,G206A,G233A,G234A,G264A,C279T,G295A,A316C,G323A,A328T,A411C,A440C,A441T,G462T,G472A,T489C,A514C,G515A,A523T,T527C,T531C,C538T,A539T,G561T,A605G,A616G,C626T,T632A,T879C,G927A,A981T,C987T,C1032T,A1074T,A1206G,G1264A,A1269G,G1356A,C1362T,A1437C,A1499G,G1614A,A1633G,A1683G;;;;HA1:G53D,HA1:G62E,HA1:E83K,HA1:R92K,HA1:N94Y,HA1:K121N,HA1:K131T,HA1:G142R,HA1:S156H,HA1:N159Y,HA1:I160T,HA1:Q164L,HA1:K171N,HA1:D186G,HA1:N190D,HA1:S193F,HA1:F195Y,HA1:Q311H,HA2:V77I,HA2:E155G,HA2:M193I,HA2:I200V,SigPep:N9Y;;;;;A138G,A1437C;0;0;2;2;;NODE_0000610;A138G,A1437C;;;;NODE_0000610;A138G,A1437C;;;;NODE_0000610;A138G,A1437C;;;;;;;;;;4;0;good;0;15;-3;0;good;2;;;;;;0;;0;0;good;;0;0;good;0;;;;
6;A/Hong_Kong/45/2019;3C.2a1b.1b;3C.2a1b.1b;D;4;"HA1:8:NST;HA1:22:NGT;HA1:38:NAT;HA1:45:NSS;HA1:63:NCT;HA1:122:NES;HA1:158:NYT;HA1:165:NVT;HA1:246:NST;HA1:285:NGS;HA2:154:NET";6.250000;good;43;0;2;0;0;1;21;0;0;0;4982;1;1718;0.99941792782305;false;A25T,T39G,T41G,G46A,A57T,G126A,A186C,G206A,G295A,A316C,A328T,A430G,A440C,A441T,C452A,C458T,G460T,G462T,T489C,A514C,G515A,C516T,A523T,T527C,A539T,A605G,A616G,T632A,C867A,T879C,G927A,A939G,G983A,C987T,C1032T,A1074T,G1356A,C1362T,G1578A,G1614A,A1633G,T1692C,G1700A;;1718:AC;;HA1:G53D,HA1:E83K,HA1:N94Y,HA1:T128A,HA1:K131T,HA1:T135K,HA1:S137F,HA1:A138S,HA1:S156H,HA1:N159Y,HA1:I160T,HA1:Q164L,HA1:D186G,HA1:N190D,HA1:F195Y,HA1:S312N,HA2:M193I,HA2:I200V,SigPep:N9Y,SigPep:V14G,SigPep:A16T;;;;;;0;0;0;0;;NODE_0000739;T41G,G126A,C867A,G983A,G1578A,G1700A;;HA1:S312N,SigPep:V14G;;NODE_0000739;T41G,G126A,C867A,G983A,G1578A,G1700A;;HA1:S312N,SigPep:V14G;;NODE_0000739;T41G,G126A,C867A,G983A,G1578A,G1700A;;HA1:S312N,SigPep:V14G;;;M:1705;;;;;4;25;good;1;15;-5;0;good;0;;;;;;0;;0;0;good;;0;0;good;0;;;;
7;A/Hong_Kong/2671/2019;3C.2a1b.1b;3C.2a1b.1b;D;3;"HA1:8:NST;HA1:22:NGT;HA1:38:NAT;HA1:45:NSS;HA1:63:NCT;HA1:122:NES;HA1:165:NVT;HA1:246:NST;HA1:285:NGS;HA2:154:NET";0;good;39;0;2;0;0;0;19;0;0;0;4998;1;1718;1;false;A25T,T39G,G46A,A57T,A186C,G206A,G295A,A316C,A328T,A430G,A440C,A441T,C452A,C458T,G460T,G462T,T489C,A514C,G515A,C516T,A523T,A539T,C600T,A605T,A616G,T632A,G721A,T879C,G927A,A939G,C987T,C1032T,C1047T,A1074T,G1356A,C1362T,G1614A,A1633G,T1692C;;1718:AC;;HA1:G53D,HA1:E83K,HA1:N94Y,HA1:T128A,HA1:K131T,HA1:T135K,HA1:S137F,HA1:A138S,HA1:S156H,HA1:N159Y,HA1:Q164L,HA1:D186V,HA1:N190D,HA1:F195Y,HA1:D225N,HA2:M193I,HA2:I200V,SigPep:N9Y,SigPep:A16T;;;;;;0;0;0;0;;NODE_0000739;C527T,C600T,G605T,G721A,C1047T;;HA1:T160I,HA1:G186V,HA1:D225N;;NODE_0000739;C527T,C600T,G605T,G721A,C1047T;;HA1:T160I,HA1:G186V,HA1:D225N;;NODE_0000739;C527T,C600T,G605T,G721A,C1047T;;HA1:T160I,HA1:G186V,HA1:D225N;;;;;;;;4;0;good;0;15;-5;0;good;0;;;;;;0;;0;0;good;;0;0;good;0;;;;
8;A/Singapore/INFIMH-16-0019/2016;3C.2a1;3C.2a1;B.1;4;"HA1:8:NST;HA1:22:NGT;HA1:38:NAT;HA1:45:NSS;HA1:63:NCT;HA1:122:NES;HA1:126:NWT;HA1:133:NGT;HA1:158:NYT;HA1:165:NVT;HA1:246:NST;HA1:285:NGS;HA2:154:NET";0;good;41;0;15;0;0;0;19;0;0;0;4990;1;1718;1;false;A25T,T39G,A57T,A186C,G206A,G233A,G264A,C279T,G295A,A316C,G323A,A328T,A440C,A441T,G462T,T489C,A514C,G515A,A523T,T527C,C538T,A539T,A605G,A616G,C626T,T632A,T879C,G927A,A981T,C987T,C1032T,A1074T,C1195A,A1197G,G1356A,C1362T,G1484A,A1536G,G1578A,G1614A,A1633G;;1718:ACCCTTGTTTCTACT;;HA1:G53D,HA1:G62E,HA1:E83K,HA1:R92K,HA1:N94Y,HA1:K131T,HA1:S156H,HA1:N159Y,HA1:I160T,HA1:Q164L,HA1:D186G,HA1:N190D,HA1:S193F,HA1:F195Y,HA1:Q311H,HA2:G150E,HA2:M193I,HA2:I200V,SigPep:N9Y;;;;;;0;0;0;0;;NODE_0000584;A472G,C1195A,G1484A,A1536G,G1578A;;HA1:R142G,HA2:G150E;;NODE_0000584;A472G,C1195A,G1484A,A1536G,G1578A;;HA1:R142G,HA2:G150E;;NODE_0000584;A472G,C1195A,G1484A,A1536G,G1578A;;HA1:R142G,HA2:G150E;;;;;;;;4;0;good;0;15;-5;0;good;0;;;;;;0;;0;0;good;;0;0;good;0;;;;
9;A/Singapore/INFIMH-16-0019/2016_X-307A;3C.2a1;3C.2a1;B.1;5;"HA1:8:NST;HA1:22:NGT;HA1:38:NAT;HA1:45:NSS;HA1:63:NCT;HA1:122:NES;HA1:126:NWT;HA1:133:NGT;HA1:165:NVT;HA1:246:NST;HA1:285:NGS;HA2:154:NET";0;good;43;0;2;0;0;0;21;0;0;0;4982;1;1718;1;false;A25T,T39G,A57T,A186C,G206A,G233A,G264A,C279T,G295A,A316C,G323A,A328T,A440C,A441T,G462T,T489C,A514C,G515A,A523T,T527A,C538T,A539T,A605G,A616G,C626T,T629C,T632A,A722G,T879C,G927A,A981T,C987T,C1032T,A1074T,C1195A,A1197G,G1356A,C1362T,G1484A,A1536G,G1578A,G1614A,A1633G;;1718:AC;;HA1:G53D,HA1:G62E,HA1:E83K,HA1:R92K,HA1:N94Y,HA1:K131T,HA1:S156H,HA1:N159Y,HA1:I160K,HA1:Q164L,HA1:D186G,HA1:N190D,HA1:S193F,HA1:L194P,HA1:F195Y,HA1:D225G,HA1:Q311H,HA2:G150E,HA2:M193I,HA2:I200V,SigPep:N9Y;;;;;;0;0;0;0;;NODE_0000584;A472G,C527A,T629C,A722G,C1195A,G1484A,A1536G,G1578A;;HA1:R142G,HA1:T160K,HA1:L194P,HA1:D225G,HA2:G150E;;NODE_0000584;A472G,C527A,T629C,A722G,C1195A,G1484A,A1536G,G1578A;;HA1:R142G,HA1:T160K,HA1:L194P,HA1:D225G,HA2:G150E;;NODE_0000584;A472G,C527A,T629C,A722G,C1195A,G1484A,A1536G,G1578A;;HA1:R142G,HA1:T160K,HA1:L194P,HA1:D225G,HA2:G150E;;;;;;;;4;0;good;0;15;-5;0;good;0;;;;;;0;;0;0;good;;0;0;good;0;;;;
10;A/Kansas/14/2017;3C.3a1;3C.3a1;C.1;4;"HA1:8:NST;HA1:22:NGT;HA1:38:NAT;HA1:45:NSS;HA1:63:NCT;HA1:122:NES;HA1:133:NGT;HA1:165:NVT;HA1:246:NST;HA1:285:NGS;HA2:154:NGT";0;good;76;0;2;0;0;0;26;0;0;0;4850;1;1718;1;false;A25T,A26G,T39G,A57T,A138G,T172C,T183C,A186C,G206A,G233A,G234A,G264A,C279T,G295A,T309C,A316C,G320A,G323A,A328T,C366A,G375A,A411C,A430G,A440C,A441T,G460T,G462T,G479A,T480A,T489C,A514C,G515A,A523T,A524C,T527A,T531C,C538T,A539T,G540A,G561T,G591T,A605G,A616G,T632A,T636A,A693G,G765A,A876G,T879C,C915A,G927A,C960A,C987T,A1025G,C1032T,A1074T,T1104C,C1149T,A1206G,A1242G,A1260G,G1264A,A1269G,T1296A,G1356A,C1362T,A1437C,A1482G,A1485G,A1491C,A1499G,G1518A,G1614A,A1633G,T1639C,A1683G;;1718:AC;;HA1:G53D,HA1:G62E,HA1:E83K,HA1:S91N,HA1:R92K,HA1:N94Y,HA1:K121N,HA1:T128A,HA1:K131T,HA1:A138S,HA1:S144K,HA1:S156H,HA1:N159S,HA1:I160K,HA1:Q164L,HA1:K171N,HA1:D186G,HA1:N190D,HA1:F195Y,HA1:K326R,HA2:V77I,HA2:I149M,HA2:E155G,HA2:M193I,HA2:I200V,SigPep:N9C;;;;;;0;0;0;0;;NODE_0000635;;;;;NODE_0000635;;;;;NODE_0000635;;;;;;;;;;;4;0;good;0;15;-5;0;good;0;;;;;;0;;0;0;good;;0;0;good;0;;;;
11;A/Kansas/14/2017_X-327;3C.3a1;3C.3a1;C.1;3;"HA1:8:NST;HA1:22:NGT;HA1:38:NAT;HA1:45:NSS;HA1:63:NCT;HA1:122:NES;HA1:133:NGT;HA1:165:NVT;HA1:246:NST;HA1:285:NGS;HA2:154:NGT";0;good;76;0;2;0;0;0;26;0;0;0;4850;1;1718;1;false;A25T,A26G,T39G,A57T,A138G,T172C,T183C,A186C,G206A,G233A,G234A,G264A,C279T,G295A,T309C,A316C,G320A,G323A,A328T,C366A,G375A,A411C,A430G,A440C,A441T,G460T,G462T,G479A,T480A,T489C,A514C,G515A,A523T,A524C,T527A,T531C,C538T,A539T,G540A,G561T,G591T,A605T,T632A,T636A,A693G,C704A,G765A,A876G,T879C,C915A,G927A,C960A,C987T,A1025G,C1032T,A1074T,T1104C,C1149T,A1206G,A1242G,A1260G,G1264A,A1269G,T1296A,G1356A,C1362T,A1437C,A1482G,A1485G,A1491C,A1499G,G1518A,G1614A,A1633G,T1639C,A1683G;;1718:AC;;HA1:G53D,HA1:G62E,HA1:E83K,HA1:S91N,HA1:R92K,HA1:N94Y,HA1:K121N,HA1:T128A,HA1:K131T,HA1:A138S,HA1:S144K,HA1:S156H,HA1:N159S,HA1:I160K,HA1:Q164L,HA1:K171N,HA1:D186V,HA1:F195Y,HA1:S219Y,HA1:K326R,HA2:V77I,HA2:I149M,HA2:E155G,HA2:M193I,HA2:I200V,SigPep:N9C;;;;;G605T,C704A;0;0;2;2;;NODE_0000635;G605T,G616A,C704A;;HA1:G186V,HA1:D190N,HA1:S219Y;;NODE_0000635;G605T,G616A,C704A;;HA1:G186V,HA1:D190N,HA1:S219Y;;NODE_0000635;G605T,G616A,C704A;;HA1:G186V,HA1:D190N,HA1:S219Y;;;;;;;;4;0;good;0;15;-3;0;good;2;;;;;;0;;0;0;good;;0;0;good;0;;;;
12;A/Cambodia/e0826360/2020;3C.2a1b.2a.1a;1a;F.1;4;"HA1:8:NST;HA1:22:NGT;HA1:38:NAT;HA1:45:NSS;HA1:63:NCT;HA1:122:NES;HA1:126:NWT;HA1:133:NGT;HA1:158:NYT;HA1:165:NVT;HA1:246:NST;HA1:285:NGS;HA2:154:NET";0;good;20;0;15;0;0;0;10;0;0;0;5074;1;1718;1;false;A25T,A57C,A186C,G206A,A316C,A514C,G515A,A523T,T527C,A539T,G561T,G604A,A605G,A616G,T640C,C699A,T879C,T975C,G1323T,G1356A;;1718:ACCCTTGTTTCTACT;;HA1:G53D,HA1:S156H,HA1:N159Y,HA1:I160T,HA1:Q164L,HA1:K171N,HA1:D186S,HA1:N190D,HA1:S198P,SigPep:N9Y;;;;;;0;0;0;0;;NODE_0000463;C699A;;;;NODE_0000463;C699A;;;;NODE_0000463;C699A;;;;;;;;;;4;0;good;0;15;-5;0;good;0;;;;;;0;;0;0;good;;0;0;good;0;;;;
13;A/Darwin/6/2021;3C.2a1b.2a.2a;2a;G.1;0;"HA1:8:NST;HA1:22:NGT;HA1:38:NAT;HA1:45:NSS;HA1:63:NCT;HA1:122:NES;HA1:126:NWT;HA1:133:NGT;HA1:165:NVT;HA1:246:NST;HA1:285:NGS;HA2:154:NET";0;good;0;0;2;0;0;0;0;0;0;0;5154;1;1718;1;false;;;1718:AC;;;;;;;;0;0;0;0;;NODE_0000291;A206G,C316A;;HA1:D53G;;NODE_0000291;A206G,C316A;;HA1:D53G;;NODE_0000291;A206G,C316A;;HA1:D53G;;;;;;;;4;0;good;0;15;-5;0;good;0;;;;;;0;;0;0;good;;0;0;good;0;;;;
14;A/Cambodia/e0826360/2020_egg;3C.2a1b.2a.1a;1a;F.1;4;"HA1:8:NST;HA1:22:NGT;HA1:38:NAT;HA1:45:NSS;HA1:63:NCT;HA1:122:NES;HA1:126:NWT;HA1:133:NGT;HA1:165:NVT;HA1:246:NST;HA1:285:NGS;HA2:154:NET";0;good;21;0;0;0;0;0;10;0;0;0;5019;1;1701;0.990104772991851;false;A25T,A57C,A186C,G206A,A316C,A514C,G515A,A523T,T527A,A539T,G561T,G604A,A605G,T606A,A616G,T640C,C699A,T879C,T975C,G1323T,G1356A;;;;HA1:G53D,HA1:S156H,HA1:N159Y,HA1:I160K,HA1:Q164L,HA1:K171N,HA1:D186R,HA1:N190D,HA1:S198P,SigPep:N9Y;;;;;;0;0;0;0;;NODE_0000463;C527A,T606A,C699A;;HA1:T160K,HA1:S186R;;NODE_0000463;C527A,T606A,C699A;;HA1:T160K,HA1:S186R;;NODE_0000463;C527A,T606A,C699A;;HA1:T160K,HA1:S186R;;;;;;;;4;0;good;0;15;-5;0;good;0;;;;;;0;;0;0;good;;0;0;good;0;;;;
15;A/Darwin/9/2021;3C.2a1b.2a.2a;2a;G.1;0;"HA1:8:NST;HA1:22:NGT;HA1:38:NAT;HA1:45:NSS;HA1:63:NCT;HA1:122:NES;HA1:126:NWT;HA1:133:NGT;HA1:165:NVT;HA1:246:NST;HA1:285:NGS;HA2:154:NET";0;good;10;0;0;0;0;0;3;0;0;0;5114;1;1718;1;false;G96T,G206A,A316C,G604A,T663C,A722G,C1272T,G1344A,C1458T,T1534C;;;;HA1:G53D,HA1:D186N,HA1:D225G;;;;;;0;0;0;0;;NODE_0000291;G96T,G604A,T663C,A722G,C1272T,G1344A,C1458T,T1534C;;HA1:D186N,HA1:D225G;;NODE_0000291;G96T,G604A,T663C,A722G,C1272T,G1344A,C1458T,T1534C;;HA1:D186N,HA1:D225G;;NODE_0000291;G96T,G604A,T663C,A722G,C1272T,G1344A,C1458T,T1534C;;HA1:D186N,HA1:D225G;;;;;;;;4;0;good;0;15;-5;0;good;0;;;;;;0;;0;0;good;;0;0;good;0;;;;
16;A/Thailand/8/2022;3C.2a1b.2a.2a.3a.1;2a.3a.1;J;0;"HA1:8:NST;HA1:22:NGT;HA1:38:NAT;HA1:45:NSS;HA1:63:NCT;HA1:94:NSS;HA1:122:NES;HA1:126:NWT;HA1:133:NGT;HA1:165:NVT;HA1:246:NST;HA1:285:NGS;HA2:154:NET";0;good;20;0;0;0;0;0;10;0;0;0;5068;1;1716;0.9988358556461;false;A7G,G196A,G205A,G206A,A316C,A335G,C396A,T432C,T467A,G592A,A622T,T632A,A715G,T861C,T972C,A1020T,C1047T,A1181G,A1386G,G1572A;;;;HA1:E50K,HA1:G53N,HA1:N96S,HA1:I140K,HA1:V182I,HA1:I192F,HA1:F195Y,HA1:I223V,HA2:N49S,SigPep:T3A;;;;;;0;0;0;0;;NODE_0000191;A7G,G592A,T632A,C1047T,A1386G,G1572A;;HA1:V182I,HA1:F195Y,SigPep:T3A;;NODE_0000191;A7G,G592A,T632A,C1047T,A1386G,G1572A;;HA1:V182I,HA1:F195Y,SigPep:T3A;;NODE_0000191;A7G,G592A,T632A,C1047T,A1386G,G1572A;;HA1:V182I,HA1:F195Y,SigPep:T3A;;;;;;;;4;0;good;0;15;-5;0;good;0;;;;;;0;;0;0;good;;0;0;good;0;;;;
17;A/Abu_Dhabi/6753/2023;3C.2a1b.2a.2a.3a.1;2a.3a.1;J;0;"HA1:8:NST;HA1:22:NGT;HA1:38:NAT;HA1:45:NSS;HA1:63:NCT;HA1:94:NSS;HA1:122:NES;HA1:126:NWT;HA1:133:NGT;HA1:165:NVT;HA1:246:NST;HA1:285:NGS;HA2:154:NET";0;good;20;0;0;0;0;0;9;0;0;0;5020;1;1700;0.989522700814901;false;A7G,G196A,G205A,G206A,A316C,A335G,C396A,A409G,T432C,T467A,A622T,A715G,T861C,T972C,A1020T,C1047T,A1164T,A1181G,T1275C,A1386G;;;;HA1:E50K,HA1:G53N,HA1:N96S,HA1:K121E,HA1:I140K,HA1:I192F,HA1:I223V,HA2:N49S,SigPep:T3A;;;;;A409G,A1164T;0;0;2;2;;NODE_0000191;A7G,A409G,C1047T,A1164T,T1275C,A1386G;;HA1:K121E,SigPep:T3A;;NODE_0000191;A7G,A409G,C1047T,A1164T,T1275C,A1386G;;HA1:K121E,SigPep:T3A;;NODE_0000191;A7G,A409G,C1047T,A1164T,T1275C,A1386G;;HA1:K121E,SigPep:T3A;;;;;;;;4;0;good;0;15;-3;0;good;2;;;;;;0;;0;0;good;;0;0;good;0;;;;
18;A/Georgia/40/2023;3C.2a1b.2a.2a.3a.1;2a.3a.1;J;0;"HA1:8:NST;HA1:22:NGT;HA1:38:NAT;HA1:45:NSS;HA1:63:NCT;HA1:94:NSS;HA1:122:NES;HA1:126:NWT;HA1:133:NGT;HA1:165:NVT;HA1:246:NST;HA1:285:NGS;HA2:154:NET";0;good;20;0;0;0;0;0;9;0;0;0;5020;1;1700;0.989522700814901;false;A7G,G196A,G205A,G206A,A316C,A335G,C396A,T432C,G462A,T467A,A622T,A715G,A774G,T861C,T972C,A1020T,C1047T,A1181G,T1275C,A1386G;;;;HA1:E50K,HA1:G53N,HA1:N96S,HA1:I140K,HA1:I192F,HA1:I223V,HA1:I242M,HA2:N49S,SigPep:T3A;;;;;A774G,T1275C;0;0;2;2;;NODE_0000191;A7G,G462A,A774G,C1047T,T1275C,A1386G;;HA1:I242M,SigPep:T3A;;NODE_0000191;A7G,G462A,A774G,C1047T,T1275C,A1386G;;HA1:I242M,SigPep:T3A;;NODE_0000191;A7G,G462A,A774G,C1047T,T1275C,A1386G;;HA1:I242M,SigPep:T3A;;;;;;;;4;0;good;0;15;-3;0;good;2;;;;;;0;;0;0;good;;0;0;good;0;;;;
19;A/California/81/2023;3C.2a1b.2a.2a.3a.1;2a.3a.1;J;0;"HA1:8:NST;HA1:22:NGT;HA1:38:NAT;HA1:45:NSS;HA1:63:NCT;HA1:94:NSS;HA1:122:NES;HA1:126:NWT;HA1:133:NGT;HA1:165:NVT;HA1:246:NST;HA1:285:NGS;HA2:154:NET";0;good;20;0;0;0;0;0;9;0;0;0;5020;1;1700;0.989522700814901;false;A7G,G196A,G205A,G206A,A258G,A289G,A316C,A335G,C396A,T432C,T467A,A622T,A715G,T861C,T972C,A1020T,C1047T,A1181G,T1275C,A1386G;;;;HA1:E50K,HA1:G53N,HA1:N81D,HA1:N96S,HA1:I140K,HA1:I192F,HA1:I223V,HA2:N49S,SigPep:T3A;;;;;A258G,A289G;0;0;2;2;;NODE_0000191;A7G,A258G,A289G,C1047T,T1275C,A1386G;;HA1:N81D,SigPep:T3A;;NODE_0000191;A7G,A258G,A289G,C1047T,T1275C,A1386G;;HA1:N81D,SigPep:T3A;;NODE_0000191;A7G,A258G,A289G,C1047T,T1275C,A1386G;;HA1:N81D,SigPep:T3A;;;;;;;;4;0;good;0;15;-3;0;good;2;;;;;;0;;0;0;good;;0;0;good;0;;;;
20;A/Wisconsin/27/2023;3C.2a1b.2a.2a.3a.1;2a.3a.1;J;0;"HA1:8:NST;HA1:22:NGT;HA1:38:NAT;HA1:45:NSS;HA1:63:NCT;HA1:94:NSS;HA1:122:NES;HA1:126:NWT;HA1:133:NGT;HA1:165:NVT;HA1:246:NST;HA1:285:NGS;HA2:154:NET";0;good;20;0;0;0;0;0;9;0;0;0;5020;1;1700;0.989522700814901;false;A7G,G196A,G205A,G206A,A316C,A335G,C396A,T432C,A435G,T467A,A622T,A715G,T861C,T972C,G973A,A1020T,C1047T,A1181G,T1275C,A1386G;;;;HA1:E50K,HA1:G53N,HA1:N96S,HA1:I140K,HA1:I192F,HA1:I223V,HA1:V309I,HA2:N49S,SigPep:T3A;;;;;G973A;0;0;1;1;;NODE_0000191;A7G,A435G,G973A,C1047T,T1275C,A1386G;;HA1:V309I,SigPep:T3A;;NODE_0000191;A7G,A435G,G973A,C1047T,T1275C,A1386G;;HA1:V309I,SigPep:T3A;;NODE_0000191;A7G,A435G,G973A,C1047T,T1275C,A1386G;;HA1:V309I,SigPep:T3A;;;;;;;;4;0;good;0;15;-4;0;good;1;;;;;;0;;0;0;good;;0;0;good;0;;;;
21;A/Maldives/852/2023;3C.2a1b.2a.2a.3a.1;2a.3a.1;J;0;"HA1:8:NST;HA1:22:NGT;HA1:38:NAT;HA1:45:NSS;HA1:63:NCT;HA1:94:NSS;HA1:122:NES;HA1:126:NWT;HA1:133:NGT;HA1:165:NVT;HA1:246:NST;HA1:285:NGS;HA2:154:NET";0;good;20;0;0;0;0;0;9;0;0;0;5020;1;1700;0.989522700814901;false;A7G,C109A,G196A,G205A,G206A,A316C,A335G,C396A,T432C,A435G,T467A,A622T,A715G,T861C,T972C,A1020T,C1047T,A1181G,T1275C,A1386G;;;;HA1:P21T,HA1:E50K,HA1:G53N,HA1:N96S,HA1:I140K,HA1:I192F,HA1:I223V,HA2:N49S,SigPep:T3A;;;;;C109A;0;0;1;1;;NODE_0000191;A7G,C109A,A435G,C1047T,T1275C,A1386G;;HA1:P21T,SigPep:T3A;;NODE_0000191;A7G,C109A,A435G,C1047T,T1275C,A1386G;;HA1:P21T,SigPep:T3A;;NODE_0000191;A7G,C109A,A435G,C1047T,T1275C,A1386G;;HA1:P21T,SigPep:T3A;;;;;;;;4;0;good;0;15;-4;0;good;1;;;;;;0;;0;0;good;;0;0;good;0;;;;
22;A/Oman/3011/2023;3C.2a1b.2a.2a.3a.1;2a.3a.1;J;0;"HA1:8:NST;HA1:22:NGT;HA1:38:NAT;HA1:45:NSS;HA1:63:NCT;HA1:94:NSS;HA1:122:NES;HA1:126:NWT;HA1:133:NGT;HA1:165:NVT;HA1:246:NST;HA1:285:NGS;HA2:154:NET";0;good;20;0;0;0;0;0;9;0;0;0;5020;1;1700;0.989522700814901;false;A7G,G196A,G205A,G206A,G281A,A316C,A335G,C396A,T432C,T467A,A622T,A715G,T861C,T972C,A1020T,C1047T,A1181G,T1275C,A1386G,C1543A;;;;HA1:E50K,HA1:G53N,HA1:G78D,HA1:N96S,HA1:I140K,HA1:I192F,HA1:I223V,HA2:N49S,SigPep:T3A;;;;;G281A,C1543A;0;0;2;2;;NODE_0000191;A7G,G281A,C1047T,T1275C,A1386G,C1543A;;HA1:G78D,SigPep:T3A;;NODE_0000191;A7G,G281A,C1047T,T1275C,A1386G,C1543A;;HA1:G78D,SigPep:T3A;;NODE_0000191;A7G,G281A,C1047T,T1275C,A1386G,C1543A;;HA1:G78D,SigPep:T3A;;;;;;;;4;0;good;0;15;-3;0;good;2;;;;;;0;;0;0;good;;0;0;good;0;;;;
23;A/SOUTH_AFRICA/R07876/202023;3C.2a1b.2a.2a.3a.1;2a.3a.1;J;0;"HA1:8:NST;HA1:22:NGT;HA1:38:NAT;HA1:45:NSS;HA1:63:NCT;HA1:94:NSS;HA1:122:NES;HA1:126:NWT;HA1:133:NGT;HA1:165:NVT;HA1:246:NST;HA1:285:NGS;HA2:154:NET";0;good;21;0;0;0;0;0;9;0;0;0;5016;1;1700;0.989522700814901;false;A7G,G84T,G196A,G205A,G206A,A316C,A335G,C396A,T432C,T467A,A622T,A715G,C763T,T861C,T972C,A1017C,A1020T,C1047T,A1181G,T1275C,A1386G;;;;HA1:E50K,HA1:G53N,HA1:N96S,HA1:I140K,HA1:I192F,HA1:I223V,HA1:P239S,HA2:N49S,SigPep:T3A;;;;;C763T;0;0;1;1;;NODE_0000191;A7G,G84T,C763T,A1017C,C1047T,T1275C,A1386G;;HA1:P239S,SigPep:T3A;;NODE_0000191;A7G,G84T,C763T,A1017C,C1047T,T1275C,A1386G;;HA1:P239S,SigPep:T3A;;NODE_0000191;A7G,G84T,C763T,A1017C,C1047T,T1275C,A1386G;;HA1:P239S,SigPep:T3A;;;;;;;;4;0;good;0;15;-4;0;good;1;;;;;;0;;0;0;good;;0;0;good;0;;;;
24;A/Bhutan/0845/2023;3C.2a1b.2a.2a.3a.1;2a.3a.1;J.1;0;"HA1:8:NST;HA1:22:NGT;HA1:38:NAT;HA1:45:NSS;HA1:63:NCT;HA1:94:NSS;HA1:122:NES;HA1:126:NWT;HA1:133:NGT;HA1:165:NVT;HA1:246:NST;HA1:285:NGS;HA2:154:NET";0;good;22;0;0;0;0;0;10;0;0;0;5012;1;1700;0.989522700814901;false;A7G,A121G,G196A,G205A,G206A,A316C,A335G,C396A,T432C,T467A,C597T,A622T,C699T,A715G,T783C,T861C,T972C,A1020T,C1047T,G1087A,A1181G,A1386G;;;;HA1:I25V,HA1:E50K,HA1:G53N,HA1:N96S,HA1:I140K,HA1:I192F,HA1:I223V,HA2:V18M,HA2:N49S,SigPep:T3A;;;;;;0;0;0;0;;NODE_0000191;A7G,A121G,C597T,C699T,T783C,C1047T,G1087A,A1386G;;HA1:I25V,HA2:V18M,SigPep:T3A;;NODE_0000033;;;;;NODE_0000191;A7G,A121G,C597T,C699T,T783C,C1047T,G1087A,A1386G;;HA1:I25V,HA2:V18M,SigPep:T3A;;;;;;;;4;0;good;0;15;-5;0;good;0;;;;;;0;;0;0;good;;0;0;good;0;;;;
25;A/Netherlands/01693/2023;3C.2a1b.2a.2a.3a.1;2a.3a.1;J.2;0;"HA1:8:NST;HA1:22:NGT;HA1:38:NAT;HA1:45:NSS;HA1:63:NCT;HA1:94:NSS;HA1:126:NWT;HA1:133:NGT;HA1:165:NVT;HA1:246:NST;HA1:285:NGS;HA2:154:NET";0;good;23;0;0;0;0;0;11;0;0;0;5008;1;1700;0.989522700814901;false;A7G,G196A,G205A,G206A,A288G,A316C,A335G,C396A,A412G,T432C,T467A,C597T,C600T,A622T,A715G,T861C,A874G,T972C,A1020T,A1028G,C1047T,A1181G,A1386G;;;;HA1:E50K,HA1:G53N,HA1:N96S,HA1:N122D,HA1:I140K,HA1:I192F,HA1:I223V,HA1:K276E,HA1:Q327R,HA2:N49S,SigPep:T3A;;;;;A1028G;0;0;1;1;;NODE_0000191;A7G,A288G,A412G,C597T,C600T,A874G,A1028G,C1047T,A1386G;;HA1:N122D,HA1:K276E,HA1:Q327R,SigPep:T3A;;NODE_0000056;A1028G;;HA1:Q327R;;NODE_0000191;A7G,A288G,A412G,C597T,C600T,A874G,A1028G,C1047T,A1386G;;HA1:N122D,HA1:K276E,HA1:Q327R,SigPep:T3A;;;;;;;;4;0;good;0;15;-4;0;good;1;;;;;;0;;0;0;good;;0;0;good;0;;;;
26;A/Bangkok/P3755/2023;3C.2a1b.2a.2a.3a.1;2a.3a.1;J.2;0;"HA1:8:NST;HA1:22:NGT;HA1:38:NAT;HA1:45:NSS;HA1:63:NCT;HA1:94:NSS;HA1:126:NWT;HA1:133:NGT;HA1:144:NSS;HA1:165:NVT;HA1:246:NST;HA1:285:NGS;HA2:154:NET";0;good;23;0;0;0;0;0;11;0;0;0;5008;1;1700;0.989522700814901;false;A7G,G196A,G205A,G206A,A288G,A316C,A335G,C396A,A412G,T432C,T467A,G479A,C597T,C600T,A622T,A715G,T861C,A874G,T972C,A1020T,C1047T,A1181G,A1386G;;;;HA1:E50K,HA1:G53N,HA1:N96S,HA1:N122D,HA1:I140K,HA1:S144N,HA1:I192F,HA1:I223V,HA1:K276E,HA2:N49S,SigPep:T3A;;;;;G479A;0;0;1;1;;NODE_0000191;A7G,A288G,A412G,G479A,C597T,C600T,A874G,C1047T,A1386G;;HA1:N122D,HA1:S144N,HA1:K276E,SigPep:T3A;;NODE_0000056;G479A;;HA1:S144N;;NODE_0000191;A7G,A288G,A412G,G479A,C597T,C600T,A874G,C1047T,A1386G;;HA1:N122D,HA1:S144N,HA1:K276E,SigPep:T3A;;;;;;;;4;0;good;0;15;-4;0;good;1;;;;;;0;;0;0;good;;0;0;good;0;;;;
27;A/Krabi/THIS050/2023;3C.2a1b.2a.2a.3a.1;2a.3a.1;J;0;"HA1:8:NST;HA1:22:NGT;HA1:38:NAT;HA1:45:NSS;HA1:63:NCT;HA1:94:NSS;HA1:126:NWT;HA1:133:NGT;HA1:165:NVT;HA1:246:NST;HA1:285:NGS;HA2:154:NET";4;good;26;0;0;0;0;0;11;0;0;0;4996;1;1700;0.989522700814901;false;A7G,A189G,G196A,G205A,G206A,A316C,A335G,C396A,G402A,G419A,T432C,T467A,G471A,G482A,A622T,A715G,A759G,T861C,T972C,C984T,A1020T,C1047T,A1181G,T1275C,A1386G,A1462G;;;;HA1:E50K,HA1:G53N,HA1:N96S,HA1:S124N,HA1:I140K,HA1:S145N,HA1:I192F,HA1:I223V,HA2:N49S,HA2:K143E,SigPep:T3A;;;;;A189G,G402A,G419A,G471A,G482A,A759G,C984T,A1462G;0;0;8;8;;NODE_0000191;A7G,A189G,G402A,G419A,G471A,G482A,A759G,C984T,C1047T,T1275C,A1386G,A1462G;;HA1:S124N,HA1:S145N,HA2:K143E,SigPep:T3A;;NODE_0000191;A7G,A189G,G402A,G419A,G471A,G482A,A759G,C984T,C1047T,T1275C,A1386G,A1462G;;HA1:S124N,HA1:S145N,HA2:K143E,SigPep:T3A;;NODE_0000191;A7G,A189G,G402A,G419A,G471A,G482A,A759G,C984T,C1047T,T1275C,A1386G,A1462G;;HA1:S124N,HA1:S145N,HA2:K143E,SigPep:T3A;;;;;;;;4;0;good;0;15;3;20;good;8;;;;;;0;;0;0;good;;0;0;good;0;;;;
28;A/Netherlands/01685/2023;3C.2a1b.2a.2a.3a.1;2a.3a.1;J;0;"HA1:8:NST;HA1:22:NGT;HA1:38:NAT;HA1:45:NSS;HA1:63:NCT;HA1:94:NSS;HA1:122:NES;HA1:126:NWT;HA1:133:NGT;HA1:165:NVT;HA1:246:NST;HA1:285:NGS;HA2:154:NET";0;good;22;0;0;0;0;0;9;0;0;0;5012;1;1700;0.989522700814901;false;A7G,G62A,G196A,G205A,G206A,A316C,A335G,C396A,T432C,T467A,A622T,A715G,G813A,T861C,T972C,C987T,A1020T,C1047T,A1181G,C1320T,A1386G,T1563C;;;;HA1:G5E,HA1:E50K,HA1:G53N,HA1:N96S,HA1:I140K,HA1:I192F,HA1:I223V,HA2:N49S,SigPep:T3A;;;;;G62A;0;0;1;1;;NODE_0000191;A7G,G62A,G813A,C987T,C1047T,C1320T,A1386G,T1563C;;HA1:G5E,SigPep:T3A;;NODE_0000191;A7G,G62A,G813A,C987T,C1047T,C1320T,A1386G,T1563C;;HA1:G5E,SigPep:T3A;;NODE_0000191;A7G,G62A,G813A,C987T,C1047T,C1320T,A1386G,T1563C;;HA1:G5E,SigPep:T3A;;;;;;;;4;0;good;0;15;-4;0;good;1;;;;;;0;;0;0;good;;0;0;good;0;;;;
29;A/Netherlands/01760/2023;3C.2a1b.2a.2a.3a.1;2a.3a.1;J;0;"HA1:8:NST;HA1:22:NGT;HA1:38:NAT;HA1:45:NSS;HA1:94:NSS;HA1:122:NES;HA1:126:NWT;HA1:133:NGT;HA1:165:NVT;HA1:246:NST;HA1:285:NGS;HA2:154:NET";0;good;25;0;0;0;0;0;10;0;0;0;5000;1;1700;0.989522700814901;false;A7G,G196A,G205A,G206A,A235G,A316C,A335G,C396A,T432C,T467A,T477C,A622T,A715G,G813A,T861C,T972C,C987T,A1020T,C1047T,G1087A,G1110A,A1181G,C1320T,A1386G,T1563C;;;;HA1:E50K,HA1:G53N,HA1:N63D,HA1:N96S,HA1:I140K,HA1:I192F,HA1:I223V,HA2:V18M,HA2:N49S,SigPep:T3A;;;G108A;;T477C;1;0;1;2;;NODE_0000191;A7G,A235G,T477C,G813A,C987T,C1047T,G1087A,G1110A,C1320T,A1386G,T1563C;;HA1:N63D,HA2:V18M,SigPep:T3A;;NODE_0000191;A7G,A235G,T477C,G813A,C987T,C1047T,G1087A,G1110A,C1320T,A1386G,T1563C;;HA1:N63D,HA2:V18M,SigPep:T3A;;NODE_0000191;A7G,A235G,T477C,G813A,C987T,C1047T,G1087A,G1110A,C1320T,A1386G,T1563C;;HA1:N63D,HA2:V18M,SigPep:T3A;;;;;;;;4;0;good;0;15;-3;0;good;2;;;;;;0;;0;0;good;;0;0;good;0;;;;
30;A/Chipata/15-NIC-001/2023;3C.2a1b.2a.2a.3a.1;2a.3a.1;J;0;"HA1:8:NST;HA1:22:NGT;HA1:38:NAT;HA1:45:NSS;HA1:63:NCT;HA1:94:NSS;HA1:122:NES;HA1:126:NWT;HA1:133:NGT;HA1:165:NVT;HA1:246:NST;HA1:285:NGS;HA2:154:NET";0;good;21;0;0;0;0;0;10;0;0;0;5016;1;1700;0.989522700814901;false;A7G,G196A,G205A,G206A,A316C,A335G,C396A,T432C,A435G,T467A,A622T,T640C,A668G,A715G,T861C,T972C,A1020T,C1047T,A1181G,T1275C,A1386G;;;;HA1:E50K,HA1:G53N,HA1:N96S,HA1:I140K,HA1:I192F,HA1:S198P,HA1:K207R,HA1:I223V,HA2:N49S,SigPep:T3A;;;;;T640C,A668G;0;0;2;2;;NODE_0000191;A7G,A435G,T640C,A668G,C1047T,T1275C,A1386G;;HA1:S198P,HA1:K207R,SigPep:T3A;;NODE_0000191;A7G,A435G,T640C,A668G,C1047T,T1275C,A1386G;;HA1:S198P,HA1:K207R,SigPep:T3A;;NODE_0000191;A7G,A435G,T640C,A668G,C1047T,T1275C,A1386G;;HA1:S198P,HA1:K207R,SigPep:T3A;;;;;;;;4;0;good;0;15;-3;0;good;2;;;;;;0;;0;0;good;;0;0;good;0;;;;
31;A/Malaysia/IMR-SARI1989/2023;3C.2a1b.2a.2a.3a.1;2a.3a.1;J;0;"HA1:8:NST;HA1:22:NGT;HA1:38:NAT;HA1:45:NSS;HA1:63:NCT;HA1:94:NSS;HA1:122:NES;HA1:126:NWT;HA1:133:NGT;HA1:165:NVT;HA1:246:NST;HA1:285:NGS;HA2:154:NET";0;good;22;0;0;0;0;0;9;0;0;0;5012;1;1700;0.989522700814901;false;A7G,G196A,G205A,G206A,A316C,A335G,C396A,T432C,A435G,T467A,A622T,T640C,A715G,C843T,T861C,T972C,A1020T,C1047T,A1181G,A1206G,T1275C,A1386G;;;;HA1:E50K,HA1:G53N,HA1:N96S,HA1:I140K,HA1:I192F,HA1:S198P,HA1:I223V,HA2:N49S,SigPep:T3A;;;;;T640C,C843T,A1206G;0;0;3;3;;NODE_0000191;A7G,A435G,T640C,C843T,C1047T,A1206G,T1275C,A1386G;;HA1:S198P,SigPep:T3A;;NODE_0000191;A7G,A435G,T640C,C843T,C1047T,A1206G,T1275C,A1386G;;HA1:S198P,SigPep:T3A;;NODE_0000191;A7G,A435G,T640C,C843T,C1047T,A1206G,T1275C,A1386G;;HA1:S198P,SigPep:T3A;;;;;;;;4;0;good;0;15;-2;0;good;3;;;;;;0;;0;0;good;;0;0;good;0;;;;
32;A/Massachusetts/18/2022;3C.2a1b.2a.2a.3a.1;2a.3a.1;J;0;"HA1:8:NST;HA1:22:NGT;HA1:38:NAT;HA1:45:NSS;HA1:63:NCT;HA1:94:NSS;HA1:122:NES;HA1:126:NWT;HA1:133:NGT;HA1:165:NVT;HA1:246:NST;HA1:285:NGS;HA2:154:NET";0;good;18;0;0;0;0;0;8;0;0;0;5028;1;1700;0.989522700814901;false;A7G,G196A,G205A,G206A,A316C,A335G,C396A,T432C,T467A,A622T,A715G,T861C,T972C,A1020T,C1047T,A1181G,T1275C,A1386G;;;;HA1:E50K,HA1:G53N,HA1:N96S,HA1:I140K,HA1:I192F,HA1:I223V,HA2:N49S,SigPep:T3A;;;;;;0;0;0;0;;NODE_0000191;A7G,C1047T,T1275C,A1386G;;SigPep:T3A;;NODE_0000191;A7G,C1047T,T1275C,A1386G;;SigPep:T3A;;NODE_0000191;A7G,C1047T,T1275C,A1386G;;SigPep:T3A;;;;;;;;4;0;good;0;15;-5;0;good;0;;;;;;0;;0;0;good;;0;0;good;0;;;;
33;A/Victoria/1033/2023;3C.2a1b.2a.2a.3a.1;2a.3a.1;J;0;"HA1:8:NST;HA1:22:NGT;HA1:38:NAT;HA1:45:NSS;HA1:63:NCT;HA1:94:NSS;HA1:122:NES;HA1:126:NWT;HA1:133:NGT;HA1:165:NVT;HA1:246:NST;HA1:285:NGS;HA2:154:NET";0;good;19;0;0;0;0;0;9;0;0;0;5024;1;1700;0.989522700814901;false;A7G,G196A,G205A,G206A,A316C,A335G,C396A,T432C,T467A,A622T,A715G,T861C,A880G,T972C,A1020T,C1047T,A1181G,T1275C,A1386G;;;;HA1:E50K,HA1:G53N,HA1:N96S,HA1:I140K,HA1:I192F,HA1:I223V,HA1:K278E,HA2:N49S,SigPep:T3A;;;;;;0;0;0;0;;NODE_0000191;A7G,A880G,C1047T,T1275C,A1386G;;HA1:K278E,SigPep:T3A;;NODE_0000191;A7G,A880G,C1047T,T1275C,A1386G;;HA1:K278E,SigPep:T3A;;NODE_0000191;A7G,A880G,C1047T,T1275C,A1386G;;HA1:K278E,SigPep:T3A;;;;;;;;4;0;good;0;15;-5;0;good;0;;;;;;0;;0;0;good;;0;0;good;0;;;;
34;A/Catalonia/NSVH102124476/2023;3C.2a1b.2a.2a.3a.1;2a.3a.1;J;0;"HA1:8:NST;HA1:22:NGT;HA1:38:NAT;HA1:45:NSS;HA1:63:NCT;HA1:94:NSS;HA1:122:NES;HA1:126:NWT;HA1:133:NGT;HA1:165:NVT;HA1:246:NST;HA1:285:NGS;HA2:154:NET";0;good;18;0;0;0;0;0;7;0;0;0;5028;1;1700;0.989522700814901;false;A7G,G196A,G205A,G206A,A316C,A335G,C396A,T432C,T467A,A622T,T861C,T972C,A1020T,C1047T,A1181G,T1275C,A1386G,C1543A;;;;HA1:E50K,HA1:G53N,HA1:N96S,HA1:I140K,HA1:I192F,HA2:N49S,SigPep:T3A;;;G715A;;C1543A;1;0;1;2;;NODE_0000191;A7G,G715A,C1047T,T1275C,A1386G,C1543A;;HA1:V223I,SigPep:T3A;;NODE_0000191;A7G,G715A,C1047T,T1275C,A1386G,C1543A;;HA1:V223I,SigPep:T3A;;NODE_0000191;A7G,G715A,C1047T,T1275C,A1386G,C1543A;;HA1:V223I,SigPep:T3A;;;;;;;;4;0;good;0;15;-3;0;good;2;;;;;;0;;0;0;good;;0;0;good;0;;;;
35;A/Sydney/749/2023;3C.2a1b.2a.2a.3a.1;2a.3a.1;J;0;"HA1:8:NST;HA1:22:NGT;HA1:38:NAT;HA1:45:NSS;HA1:63:NCT;HA1:94:NSS;HA1:122:NES;HA1:126:NWT;HA1:133:NGT;HA1:165:NVT;HA1:246:NST;HA1:285:NGS;HA2:154:NET";0;good;20;0;0;0;0;0;9;0;0;0;5020;1;1700;0.989522700814901;false;A7G,G196A,G205A,G206A,A316C,A335G,C365T,C396A,T432C,T467A,A622T,A715G,T861C,A939C,T972C,A1020T,C1047T,A1181G,T1275C,A1386G;;;;HA1:E50K,HA1:G53N,HA1:N96S,HA1:A106V,HA1:I140K,HA1:I192F,HA1:I223V,HA2:N49S,SigPep:T3A;;;;;C365T,A939C;0;0;2;2;;NODE_0000191;A7G,C365T,A939C,C1047T,T1275C,A1386G;;HA1:A106V,SigPep:T3A;;NODE_0000191;A7G,C365T,A939C,C1047T,T1275C,A1386G;;HA1:A106V,SigPep:T3A;;NODE_0000191;A7G,C365T,A939C,C1047T,T1275C,A1386G;;HA1:A106V,SigPep:T3A;;;;;;;;4;0;good;0;15;-3;0;good;2;;;;;;0;;0;0;good;;0;0;good;0;;;;
36;A/Townsville/68/2023;3C.2a1b.2a.2a.3a.1;2a.3a.1;J;0;"HA1:8:NST;HA1:22:NGT;HA1:38:NAT;HA1:45:NSS;HA1:63:NCT;HA1:94:NSS;HA1:122:NES;HA1:126:NWT;HA1:133:NGT;HA1:165:NVT;HA1:246:NST;HA1:285:NGS;HA2:154:NET";0;good;22;0;0;0;0;0;10;0;0;0;5012;1;1700;0.989522700814901;false;A7G,T72C,G196A,G205A,G206A,A316C,A335G,C396A,T432C,A435G,T467A,A622T,A715G,T861C,G872A,T972C,A1020T,C1047T,G1171A,A1181G,T1275C,A1386G;;;;HA1:E50K,HA1:G53N,HA1:N96S,HA1:I140K,HA1:I192F,HA1:I223V,HA1:G275D,HA2:D46N,HA2:N49S,SigPep:T3A;;;T1374A;;;1;0;0;1;;NODE_0000191;A7G,T72C,A435G,G872A,C1047T,G1171A,T1275C,A1386G;;HA1:G275D,HA2:D46N,SigPep:T3A;;NODE_0000191;A7G,T72C,A435G,G872A,C1047T,G1171A,T1275C,A1386G;;HA1:G275D,HA2:D46N,SigPep:T3A;;NODE_0000191;A7G,T72C,A435G,G872A,C1047T,G1171A,T1275C,A1386G;;HA1:G275D,HA2:D46N,SigPep:T3A;;;;;;;;4;0;good;0;15;-4;0;good;1;;;;;;0;;0;0;good;;0;0;good;0;;;;
37;A/Sydney/710/2023;3C.2a1b.2a.2a.3a.1;2a.3a.1;J;0;"HA1:8:NST;HA1:22:NGT;HA1:38:NAT;HA1:45:NSS;HA1:63:NCT;HA1:94:NSS;HA1:122:NES;HA1:126:NWT;HA1:133:NGT;HA1:165:NVT;HA1:246:NST;HA1:285:NGS;HA2:154:NET";0;good;23;0;0;0;0;0;11;0;0;0;5008;1;1700;0.989522700814901;false;A7G,G196A,G205A,G206A,A316C,A335G,C396A,T432C,A435G,T467A,G482A,A622T,A715G,T861C,T972C,A1020T,C1047T,G1080A,A1181G,T1275C,A1386G,C1475T,T1634C;;;;HA1:E50K,HA1:G53N,HA1:N96S,HA1:I140K,HA1:S145N,HA1:I192F,HA1:I223V,HA2:N49S,HA2:A147V,HA2:I200T,SigPep:T3A;;;;;G482A,G1080A,C1475T,T1634C;0;0;4;4;;NODE_0000191;A7G,A435G,G482A,C1047T,G1080A,T1275C,A1386G,C1475T,T1634C;;HA1:S145N,HA2:A147V,HA2:I200T,SigPep:T3A;;NODE_0000191;A7G,A435G,G482A,C1047T,G1080A,T1275C,A1386G,C1475T,T1634C;;HA1:S145N,HA2:A147V,HA2:I200T,SigPep:T3A;;NODE_0000191;A7G,A435G,G482A,C1047T,G1080A,T1275C,A1386G,C1475T,T1634C;;HA1:S145N,HA2:A147V,HA2:I200T,SigPep:T3A;;;;;;;;4;0;good;0;15;-1;0;good;4;;;;;;0;;0;0;good;;0;0;good;0;;;;
38;A/Sydney/332/2023;3C.2a1b.2a.2a.3a.1;2a.3a.1;J;0;"HA1:8:NST;HA1:22:NGT;HA1:38:NAT;HA1:45:NSS;HA1:63:NCT;HA1:94:NSS;HA1:126:NWT;HA1:133:NGT;HA1:165:NVT;HA1:246:NST;HA1:285:NGS;HA2:154:NET";0;good;20;0;0;0;0;0;9;0;0;0;5020;1;1700;0.989522700814901;false;A7G,G196A,G205A,G206A,A316C,A335G,C396G,A412G,T432C,T467A,C597T,C600T,A622T,A715G,T861C,T972C,A1020T,C1047T,A1181G,A1386G;;;;HA1:E50K,HA1:G53N,HA1:N96S,HA1:N122D,HA1:I140K,HA1:I192F,HA1:I223V,HA2:N49S,SigPep:T3A;;;;;;0;0;0;0;;NODE_0000191;A7G,A396G,A412G,C597T,C600T,C1047T,A1386G;;HA1:N122D,SigPep:T3A;;NODE_0000191;A7G,A396G,A412G,C597T,C600T,C1047T,A1386G;;HA1:N122D,SigPep:T3A;;NODE_0000191;A7G,A396G,A412G,C597T,C600T,C1047T,A1386G;;HA1:N122D,SigPep:T3A;;;;;;;;4;0;good;0;15;-5;0;good;0;;;;;;0;;0;0;good;;0;0;good;0;;;;
39;A/South_Africa/R05510/2023;3C.2a1b.2a.2a.3a.1;2a.3a.1;J;0;"HA1:8:NST;HA1:22:NGT;HA1:38:NAT;HA1:45:NSS;HA1:63:NCT;HA1:94:NSS;HA1:122:NES;HA1:126:NWT;HA1:133:NGT;HA1:165:NVT;HA1:246:NST;HA1:285:NGS;HA2:154:NET";0;good;22;0;0;0;0;0;9;0;0;0;5012;1;1700;0.989522700814901;false;A7G,G84T,G196A,G205A,G206A,A316C,A335G,C396A,T432C,T467A,A622T,A715G,T861C,G944A,T972C,A1017C,A1020T,C1047T,A1181G,T1275C,G1323A,A1386G;;;;HA1:E50K,HA1:G53N,HA1:N96S,HA1:I140K,HA1:I192F,HA1:I223V,HA1:R299K,HA2:N49S,SigPep:T3A;;;;;;0;0;0;0;;NODE_0000191;A7G,G84T,G944A,A1017C,C1047T,T1275C,G1323A,A1386G;;HA1:R299K,SigPep:T3A;;NODE_0000191;A7G,G84T,G944A,A1017C,C1047T,T1275C,G1323A,A1386G;;HA1:R299K,SigPep:T3A;;NODE_0000191;A7G,G84T,G944A,A1017C,C1047T,T1275C,G1323A,A1386G;;HA1:R299K,SigPep:T3A;;;;;;;;4;0;good;0;15;-5;0;good;0;;;;;;0;;0;0;good;;0;0;good;0;;;;
40;A/SouthAfrica/PET28931/2023;3C.2a1b.2a.2a.3a.1;2a.3a.1;J;0;"HA1:8:NST;HA1:22:NGT;HA1:38:NAT;HA1:45:NSS;HA1:63:NCT;HA1:94:NSS;HA1:122:NES;HA1:126:NWT;HA1:133:NGT;HA1:165:NVT;HA1:246:NST;HA1:285:NGS;HA2:154:NET";0;good;21;0;0;0;0;0;9;0;0;0;5016;1;1700;0.989522700814901;false;A7G,G84T,G146A,G196A,G205A,G206A,A316C,A335G,C396A,T432C,T467A,A622T,A715G,T861C,T972C,A1017C,A1020T,C1047T,A1181G,T1275C,A1386G;;;;HA1:R33Q,HA1:E50K,HA1:G53N,HA1:N96S,HA1:I140K,HA1:I192F,HA1:I223V,HA2:N49S,SigPep:T3A;;;;;G146A;0;0;1;1;;NODE_0000191;A7G,G84T,G146A,A1017C,C1047T,T1275C,A1386G;;HA1:R33Q,SigPep:T3A;;NODE_0000191;A7G,G84T,G146A,A1017C,C1047T,T1275C,A1386G;;HA1:R33Q,SigPep:T3A;;NODE_0000191;A7G,G84T,G146A,A1017C,C1047T,T1275C,A1386G;;HA1:R33Q,SigPep:T3A;;;;;;;;4;0;good;0;15;-4;0;good;1;;;;;;0;;0;0;good;;0;0;good;0;;;;
41;A/South_Africa/R07188/2023;3C.2a1b.2a.2a.3a.1;2a.3a.1;J;0;"HA1:8:NST;HA1:22:NGT;HA1:38:NAT;HA1:45:NSS;HA1:63:NCT;HA1:94:NSS;HA1:126:NWT;HA1:133:NGT;HA1:165:NVT;HA1:246:NST;HA1:285:NGS;HA2:154:NET";0;good;21;0;0;0;0;0;9;0;0;0;5016;1;1700;0.989522700814901;false;A7G,G84T,G196A,G205A,G206A,A316C,A335G,C396A,G419A,T432C,T467A,A622T,A715G,T861C,T972C,A1017C,A1020T,C1047T,A1181G,T1275C,A1386G;;;;HA1:E50K,HA1:G53N,HA1:N96S,HA1:S124N,HA1:I140K,HA1:I192F,HA1:I223V,HA2:N49S,SigPep:T3A;;;;;G419A;0;0;1;1;;NODE_0000191;A7G,G84T,G419A,A1017C,C1047T,T1275C,A1386G;;HA1:S124N,SigPep:T3A;;NODE_0000191;A7G,G84T,G419A,A1017C,C1047T,T1275C,A1386G;;HA1:S124N,SigPep:T3A;;NODE_0000191;A7G,G84T,G419A,A1017C,C1047T,T1275C,A1386G;;HA1:S124N,SigPep:T3A;;;;;;;;4;0;good;0;15;-4;0;good;1;;;;;;0;;0;0;good;;0;0;good;0;;;;
42;A/South_Africa/R06477/2023;3C.2a1b.2a.2a.3a.1;2a.3a.1;J;0;"HA1:8:NST;HA1:22:NGT;HA1:38:NAT;HA1:45:NSS;HA1:63:NCT;HA1:94:NSS;HA1:122:NES;HA1:126:NWT;HA1:133:NGT;HA1:165:NVT;HA1:246:NST;HA1:285:NGS;HA2:154:NET";0;good;21;0;0;0;0;0;9;0;0;0;5016;1;1700;0.989522700814901;false;A7G,G62T,G84T,G196A,G205A,G206A,A316C,A335G,C396A,T432C,T467A,A622T,A715G,T861C,T972C,A1017C,A1020T,C1047T,A1181G,T1275C,A1386G;;;;HA1:G5V,HA1:E50K,HA1:G53N,HA1:N96S,HA1:I140K,HA1:I192F,HA1:I223V,HA2:N49S,SigPep:T3A;;;;;G62T;0;0;1;1;;NODE_0000191;A7G,G62T,G84T,A1017C,C1047T,T1275C,A1386G;;HA1:G5V,SigPep:T3A;;NODE_0000191;A7G,G62T,G84T,A1017C,C1047T,T1275C,A1386G;;HA1:G5V,SigPep:T3A;;NODE_0000191;A7G,G62T,G84T,A1017C,C1047T,T1275C,A1386G;;HA1:G5V,SigPep:T3A;;;;;;;;4;0;good;0;15;-4;0;good;1;;;;;;0;;0;0;good;;0;0;good;0;;;;
43;A/South_Africa/R06240/2023;3C.2a1b.2a.2a.3a.1;2a.3a.1;J;0;"HA1:22:NGT;HA1:38:NAT;HA1:45:NSS;HA1:63:NCT;HA1:94:NSS;HA1:122:NES;HA1:126:NWT;HA1:133:NGT;HA1:165:NVT;HA1:246:NST;HA1:285:NGS;HA2:154:NET";0;good;20;0;0;0;0;0;9;0;0;0;5020;1;1700;0.989522700814901;false;A7G,C77T,G84T,G196A,G205A,G206A,A316C,A335G,C396A,T432C,T467A,A622T,A715G,T861C,T972C,A1017C,A1020T,C1047T,A1181G,A1386G;;;;HA1:T10M,HA1:E50K,HA1:G53N,HA1:N96S,HA1:I140K,HA1:I192F,HA1:I223V,HA2:N49S,SigPep:T3A;;;C1275T;;C77T;1;0;1;2;;NODE_0000191;A7G,C77T,G84T,A1017C,C1047T,A1386G;;HA1:T10M,SigPep:T3A;;NODE_0000191;A7G,C77T,G84T,A1017C,C1047T,A1386G;;HA1:T10M,SigPep:T3A;;NODE_0000191;A7G,C77T,G84T,A1017C,C1047T,A1386G;;HA1:T10M,SigPep:T3A;;;;;;;;4;0;good;0;15;-3;0;good;2;;;;;;0;;0;0;good;;0;0;good;0;;;;
44;A/Solwezi/13-NIC-001/2023;3C.2a1b.2a.2a.3a.1;2a.3a.1;J;0;"HA1:8:NST;HA1:22:NGT;HA1:38:NAT;HA1:45:NSS;HA1:63:NCT;HA1:94:NSS;HA1:126:NWT;HA1:133:NGT;HA1:165:NVT;HA1:246:NST;HA1:285:NGS;HA2:154:NET";0;good;24;0;0;0;0;0;10;0;0;0;5004;1;1700;0.989522700814901;false;A7G,G21A,C109A,G196A,G205A,G206A,T210C,A316C,A335G,C396A,A412G,T432C,T467A,C597T,C600T,A622T,A715G,T861C,T972C,A1020T,C1047T,C1170T,A1181G,A1386G;;;;HA1:P21T,HA1:E50K,HA1:G53N,HA1:N96S,HA1:N122D,HA1:I140K,HA1:I192F,HA1:I223V,HA2:N49S,SigPep:T3A;;;;;;0;0;0;0;;NODE_0000191;A7G,G21A,C109A,T210C,A412G,C597T,C600T,C1047T,C1170T,A1386G;;HA1:P21T,HA1:N122D,SigPep:T3A;;NODE_0000191;A7G,G21A,C109A,T210C,A412G,C597T,C600T,C1047T,C1170T,A1386G;;HA1:P21T,HA1:N122D,SigPep:T3A;;NODE_0000191;A7G,G21A,C109A,T210C,A412G,C597T,C600T,C1047T,C1170T,A1386G;;HA1:P21T,HA1:N122D,SigPep:T3A;;;;;;;;4;0;good;0;15;-5;0;good;0;;;;;;0;;0;0;good;;0;0;good;0;;;;
45;A/Sydney/715/2023;3C.2a1b.2a.2a.3a.1;2a.3a.1;J.3;0;"HA1:8:NST;HA1:22:NGT;HA1:38:NAT;HA1:45:NSS;HA1:63:NCT;HA1:94:NSS;HA1:122:NES;HA1:126:NWT;HA1:133:NGT;HA1:165:NVT;HA1:246:NST;HA1:285:NGS;HA2:154:NET";0;good;24;0;0;0;0;0;10;0;0;0;5004;1;1700;0.989522700814901;false;A7G,G196A,G205A,G206A,A316C,A335G,G358A,C366A,C396A,T432C,A435G,T467A,A622T,A715G,T861C,T879C,T972C,A1020T,C1047T,A1181G,T1275C,A1386G,G1557A,G1561A;;;;HA1:E50K,HA1:G53N,HA1:N96S,HA1:D104N,HA1:I140K,HA1:I192F,HA1:I223V,HA2:N49S,HA2:V176I,SigPep:T3A;;;;;G358A,T879C;0;0;2;2;;NODE_0000191;A7G,G358A,C366A,A435G,T879C,C1047T,T1275C,A1386G,G1557A,G1561A;;HA1:D104N,HA2:V176I,SigPep:T3A;;NODE_0000188;G358A,T879C;;HA1:D104N;;NODE_0000191;A7G,G358A,C366A,A435G,T879C,C1047T,T1275C,A1386G,G1557A,G1561A;;HA1:D104N,HA2:V176I,SigPep:T3A;;;;;;;;4;0;good;0;15;-3;0;good;2;;;;;;0;;0;0;good;;0;0;good;0;;;;
46;A/Ontario/RV00796/2023;3C.2a1b.2a.2a.3a.1;2a.3a.1;J.2;0;"HA1:8:NST;HA1:22:NGT;HA1:38:NAT;HA1:45:NSS;HA1:63:NCT;HA1:94:NSS;HA1:126:NWT;HA1:133:NGT;HA1:165:NVT;HA1:246:NST;HA1:285:NGS;HA2:154:NET";0;good;21;0;0;0;0;0;9;0;0;0;4872;49;1700;0.9615832363213038;false;G196A,G205A,G206A,A288G,A316C,A335G,C396A,A412G,T432C,T467A,C597T,C600T,A622T,A715G,T861C,A874G,T972C,A1020T,C1047T,A1181G,A1386G;;;;HA1:E50K,HA1:G53N,HA1:N96S,HA1:N122D,HA1:I140K,HA1:I192F,HA1:I223V,HA1:K276E,HA2:N49S;;;;;;0;0;0;0;;NODE_0000191;A288G,A412G,C597T,C600T,A874G,C1047T,A1386G;;HA1:N122D,HA1:K276E;;NODE_0000056;;;;;NODE_0000191;A288G,A412G,C597T,C600T,A874G,C1047T,A1386G;;HA1:N122D,HA1:K276E;;;;;;;;4;0;good;0;15;-5;0;good;0;;;;;;0;;0;0;good;;0;0;good;0;;SigPep;"When processing gene ""SigPep"": The extracted gene sequence is empty or consists entirely from gaps";
47;A/Samut_Songkhram/THIS061/2023;3C.2a1b.2a.2a.3a.1;2a.3a.1;J;0;"HA1:8:NST;HA1:22:NGT;HA1:38:NAT;HA1:45:NSS;HA1:63:NCT;HA1:94:NSS;HA1:122:NES;HA1:126:NWT;HA1:133:NGT;HA1:165:NVT;HA1:246:NST;HA1:285:NGS;HA2:154:NET";0;good;24;0;0;0;0;0;10;0;0;0;5004;1;1700;0.989522700814901;false;A7G,G78A,G196A,G205A,G206A,A316C,A335G,C396A,T432C,T467A,A622T,A639C,A712C,A715G,T861C,A946G,T972C,A1020T,C1047T,A1181G,T1329C,A1386G,T1425C,G1626A;;;;HA1:E50K,HA1:G53N,HA1:N96S,HA1:I140K,HA1:I192F,HA1:Q197H,HA1:I223V,HA1:I300V,HA2:N49S,SigPep:T3A;;;;;A946G;0;0;1;1;;NODE_0000191;A7G,G78A,A639C,A712C,A946G,C1047T,T1329C,A1386G,T1425C,G1626A;;HA1:Q197H,HA1:I300V,SigPep:T3A;;NODE_0000191;A7G,G78A,A639C,A712C,A946G,C1047T,T1329C,A1386G,T1425C,G1626A;;HA1:Q197H,HA1:I300V,SigPep:T3A;;NODE_0000191;A7G,G78A,A639C,A712C,A946G,C1047T,T1329C,A1386G,T1425C,G1626A;;HA1:Q197H,HA1:I300V,SigPep:T3A;;;;;;;;4;0;good;0;15;-4;0;good;1;;;;;;0;;0;0;good;;0;0;good;0;;;;
48;A/Bangkok/P3599/2023;3C.2a1b.2a.2a.3a.1;2a.3a.1;J;0;"HA1:8:NST;HA1:22:NGT;HA1:38:NAT;HA1:45:NSS;HA1:63:NCT;HA1:94:NSS;HA1:122:NES;HA1:126:NWT;HA1:133:NGT;HA1:165:NVT;HA1:246:NST;HA1:285:NGS;HA2:154:NET";0;good;24;0;0;0;0;0;9;0;0;0;5004;1;1700;0.989522700814901;false;A7G,G78A,G196A,G205A,G206A,A316C,A335G,C396A,T432C,T467A,A622T,A639C,A712C,A715G,T861C,T972C,A1020T,C1047T,A1181G,A1206G,T1329C,A1386G,T1425C,G1626A;;;;HA1:E50K,HA1:G53N,HA1:N96S,HA1:I140K,HA1:I192F,HA1:Q197H,HA1:I223V,HA2:N49S,SigPep:T3A;;;;;;0;0;0;0;;NODE_0000191;A7G,G78A,A639C,A712C,C1047T,A1206G,T1329C,A1386G,T1425C,G1626A;;HA1:Q197H,SigPep:T3A;;NODE_0000191;A7G,G78A,A639C,A712C,C1047T,A1206G,T1329C,A1386G,T1425C,G1626A;;HA1:Q197H,SigPep:T3A;;NODE_0000191;A7G,G78A,A639C,A712C,C1047T,A1206G,T1329C,A1386G,T1425C,G1626A;;HA1:Q197H,SigPep:T3A;;;;;;;;4;0;good;0;15;-5;0;good;0;;;;;;0;;0;0;good;;0;0;good;0;;;;
49;A/Guangdong-Futian/1980/2023;3C.2a1b.2a.2a.3a.1;2a.3a.1;J.3;0;"HA1:8:NST;HA1:22:NGT;HA1:38:NAT;HA1:45:NSS;HA1:63:NCT;HA1:94:NSS;HA1:122:NES;HA1:126:NWT;HA1:133:NGT;HA1:165:NVT;HA1:246:NST;HA1:285:NGS;HA2:154:NET";0;good;23;0;0;0;0;0;10;0;0;0;5008;1;1700;0.989522700814901;false;A7G,G196A,G205A,G206A,A316C,A335G,C366A,G382A,C396A,T432C,A435G,T467A,A622T,A715G,T861C,T972C,A1020T,C1047T,A1181G,T1275C,A1386G,G1557A,G1561A;;;;HA1:E50K,HA1:G53N,HA1:N96S,HA1:V112I,HA1:I140K,HA1:I192F,HA1:I223V,HA2:N49S,HA2:V176I,SigPep:T3A;;;;;G382A;0;0;1;1;;NODE_0000191;A7G,C366A,G382A,A435G,C1047T,T1275C,A1386G,G1557A,G1561A;;HA1:V112I,HA2:V176I,SigPep:T3A;;NODE_0000188;G382A;;HA1:V112I;;NODE_0000191;A7G,C366A,G382A,A435G,C1047T,T1275C,A1386G,G1557A,G1561A;;HA1:V112I,HA2:V176I,SigPep:T3A;;;;;;;;4;0;good;0;15;-4;0;good;1;;;;;;0;;0;0;good;;0;0;good;0;;;;
50;A/South_Africa/K056872/2023;3C.2a1b.2a.2a.3a.1;2a.3a.1;J;0;"HA1:8:NST;HA1:22:NGT;HA1:38:NAT;HA1:45:NSS;HA1:63:NCT;HA1:94:NSS;HA1:122:NES;HA1:133:NGT;HA1:165:NVT;HA1:246:NST;HA1:285:NGS;HA2:154:NET";0;good;25;0;0;0;0;0;9;0;0;0;5000;1;1700;0.989522700814901;false;A7G,G84T,A147G,G196A,G205A,G206A,A316C,A335G,C396A,G405A,C431T,T432C,T467A,A519G,A622T,A715G,T861C,T972C,A1017C,A1020T,C1047T,A1181G,T1275C,A1386G,A1500G;;;;HA1:E50K,HA1:G53N,HA1:N96S,HA1:T128I,HA1:I140K,HA1:I192F,HA1:I223V,HA2:N49S,SigPep:T3A;;;;;A147G,G405A,C431T,A519G,A1500G;0;0;5;5;;NODE_0000191;A7G,G84T,A147G,G405A,C431T,A519G,A1017C,C1047T,T1275C,A1386G,A1500G;;HA1:T128I,SigPep:T3A;;NODE_0000191;A7G,G84T,A147G,G405A,C431T,A519G,A1017C,C1047T,T1275C,A1386G,A1500G;;HA1:T128I,SigPep:T3A;;NODE_0000191;A7G,G84T,A147G,G405A,C431T,A519G,A1017C,C1047T,T1275C,A1386G,A1500G;;HA1:T128I,SigPep:T3A;;;;;;;;4;0;good;0;15;0;0;good;5;;;;;;0;;0;0;good;;0;0;good;0;;;;
51;A/South_Africa/KO56863/2023;3C.2a1b.2a.2a.3a.1;2a.3a.1;J;0;"HA1:8:NST;HA1:22:NGT;HA1:38:NAT;HA1:45:NSS;HA1:63:NCT;HA1:94:NSS;HA1:122:NES;HA1:126:NWT;HA1:133:NGT;HA1:165:NVT;HA1:246:NST;HA1:285:NGS;HA2:154:NET";0;good;23;0;0;0;0;0;9;0;0;0;5008;1;1700;0.989522700814901;false;A7G,G84T,C91A,G196A,G205A,G206A,A316C,A335G,C396A,T432C,T467A,A622T,A715G,T861C,T972C,A1017C,A1020T,C1047T,A1181G,T1275C,G1341A,A1386G,T1473C;;;;HA1:L15I,HA1:E50K,HA1:G53N,HA1:N96S,HA1:I140K,HA1:I192F,HA1:I223V,HA2:N49S,SigPep:T3A;;;;;C91A,G1341A,T1473C;0;0;3;3;;NODE_0000191;A7G,G84T,C91A,A1017C,C1047T,T1275C,G1341A,A1386G,T1473C;;HA1:L15I,SigPep:T3A;;NODE_0000191;A7G,G84T,C91A,A1017C,C1047T,T1275C,G1341A,A1386G,T1473C;;HA1:L15I,SigPep:T3A;;NODE_0000191;A7G,G84T,C91A,A1017C,C1047T,T1275C,G1341A,A1386G,T1473C;;HA1:L15I,SigPep:T3A;;;;;;;;4;0;good;0;15;-2;0;good;3;;;;;;0;;0;0;good;;0;0;good;0;;;;
52;A/Saskatchewan/SKFLU317847/2023;3C.2a1b.2a.2a.3a.1;2a.3a.1;J;0;"HA1:8:NST;HA1:22:NGT;HA1:38:NAT;HA1:45:NSS;HA1:63:NCT;HA1:94:NSS;HA1:122:NES;HA1:126:NWT;HA1:133:NGT;HA1:165:NVT;HA1:246:NST;HA1:285:NGS;HA2:154:NET";0;good;21;0;0;0;0;0;10;0;0;0;5016;1;1700;0.989522700814901;false;A7G,A130G,G196A,G205A,G206A,A316C,A335G,C396A,T432C,T467A,G482A,A622T,A715G,T861C,T972C,A1020T,C1047T,A1181G,T1275C,A1386G,C1593T;;;;HA1:T28A,HA1:E50K,HA1:G53N,HA1:N96S,HA1:I140K,HA1:S145N,HA1:I192F,HA1:I223V,HA2:N49S,SigPep:T3A;;;;;A130G,G482A,C1593T;0;0;3;3;;NODE_0000191;A7G,A130G,G482A,C1047T,T1275C,A1386G,C1593T;;HA1:T28A,HA1:S145N,SigPep:T3A;;NODE_0000191;A7G,A130G,G482A,C1047T,T1275C,A1386G,C1593T;;HA1:T28A,HA1:S145N,SigPep:T3A;;NODE_0000191;A7G,A130G,G482A,C1047T,T1275C,A1386G,C1593T;;HA1:T28A,HA1:S145N,SigPep:T3A;;;;;;;;4;0;good;0;15;-2;0;good;3;;;;;;0;;0;0;good;;0;0;good;0;;;;
53;A/Saint-Petersburg/RII-MH144113/2023;3C.2a1b.2a.2a.3a.1;2a.3a.1;J.4;0;"HA1:8:NST;HA1:22:NGT;HA1:38:NAT;HA1:45:NSS;HA1:63:NCT;HA1:94:NSS;HA1:122:NES;HA1:126:NWT;HA1:133:NGT;HA1:165:NVT;HA1:246:NST;HA1:285:NGS;HA2:154:NET";0;good;25;0;0;0;0;0;9;0;0;0;5000;1;1700;0.989522700814901;false;G196A,G205A,G206A,C267T,T270C,A316C,A335G,A381G,C396A,T432C,T467A,A566G,A622T,A715G,A801G,T861C,A874G,T972C,A1017G,A1020T,G1125A,A1181G,G1188A,G1524A,G1671A;;;;HA1:E50K,HA1:G53N,HA1:N96S,HA1:I140K,HA1:Q173R,HA1:I192F,HA1:I223V,HA1:K276E,HA2:N49S;;;;;;0;0;0;0;;NODE_0000191;C267T,T270C,A381G,A566G,A801G,A874G,A1017G,G1125A,G1188A,G1524A,G1671A;;HA1:Q173R,HA1:K276E;;NODE_0000192;;;;;NODE_0000191;C267T,T270C,A381G,A566G,A801G,A874G,A1017G,G1125A,G1188A,G1524A,G1671A;;HA1:Q173R,HA1:K276E;;;;;;;;4;0;good;0;15;-5;0;good;0;;;;;;0;;0;0;good;;0;0;good;0;;;;
54;A/Finland/399/2023;3C.2a1b.2a.2a.3a;2a.3a;G.1.3.1;0;"HA1:8:NST;HA1:22:NGT;HA1:38:NAT;HA1:45:NSS;HA1:63:NCT;HA1:94:NSS;HA1:122:NES;HA1:126:NWT;HA1:133:NGT;HA1:165:NVT;HA1:246:NST;HA1:285:NGS;HA2:154:NET";7.111111;good;20;0;0;0;0;0;5;0;0;0;5020;1;1700;0.989522700814901;false;G196A,G205A,G206A,A316C,A335G,C396A,T432C,T549C,A622T,C624T,T861C,C966T,T972C,A1020T,A1181G,G1191A,A1254G,G1404A,G1407A,G1545A;;;;HA1:E50K,HA1:G53N,HA1:N96S,HA1:I192F,HA2:N49S;;;;;C396A,T549C,C624T,C966T,G1191A,A1254G,G1404A,G1407A,G1545A;0;0;9;9;;NODE_0000203;C396A,T549C,C624T,C966T,G1191A,A1254G,G1404A,G1407A,G1545A;;;;NODE_0000203;C396A,T549C,C624T,C966T,G1191A,A1254G,G1404A,G1407A,G1545A;;;;NODE_0000203;C396A,T549C,C624T,C966T,G1191A,A1254G,G1404A,G1407A,G1545A;;;;;;;;;;4;0;good;0;15;4;26.666667;good;9;;;;;;0;;0;0;good;;0;0;good;0;;;;
55;A/SouthSudan/642/2023;3C.2a1b.2a.2a.3;2a.3;G.1.3;0;"HA1:8:NST;HA1:22:NGT;HA1:38:NAT;HA1:45:NSS;HA1:63:NCT;HA1:94:NSS;HA1:122:NES;HA1:126:NWT;HA1:133:NGT;HA1:165:NVT;HA1:246:NST;HA1:285:NGS;HA2:154:NET";7.111111;good;19;0;0;0;0;0;7;0;0;0;5024;1;1700;0.989522700814901;false;G205A,G206A,C303T,A316C,A335G,T360C,T432C,A622T,A768G,T861C,A874G,G882T,C914T,T972C,T1113C,A1181G,A1242G,G1356A,G1545A;;;;HA1:G53N,HA1:N96S,HA1:I192F,HA1:K276E,HA1:K278N,HA1:P289L,HA2:N49S;;;;;T360C,A768G,A874G,G882T,C914T,T1113C,A1242G,G1356A,G1545A;0;0;9;9;;NODE_0000273;C303T,T360C,A768G,A874G,G882T,C914T,T972C,T1113C,A1181G,A1242G,G1356A,G1545A;;HA1:K276E,HA1:K278N,HA1:P289L,HA2:N49S;;NODE_0000273;C303T,T360C,A768G,A874G,G882T,C914T,T972C,T1113C,A1181G,A1242G,G1356A,G1545A;;HA1:K276E,HA1:K278N,HA1:P289L,HA2:N49S;;NODE_0000273;C303T,T360C,A768G,A874G,G882T,C914T,T972C,T1113C,A1181G,A1242G,G1356A,G1545A;;HA1:K276E,HA1:K278N,HA1:P289L,HA2:N49S;;;;;;;;4;0;good;0;15;4;26.666667;good;9;;;;;;0;;0;0;good;;0;0;good;0;;;;
56;A/SouthSudan/631/2023;3C.2a1b.2a.2a.3;2a.3;G.1.3;0;"HA1:8:NST;HA1:22:NGT;HA1:38:NAT;HA1:45:NSS;HA1:63:NCT;HA1:94:NSS;HA1:122:NES;HA1:126:NWT;HA1:133:NGT;HA1:165:NVT;HA1:246:NST;HA1:285:NGS;HA2:154:NET";0;good;13;0;0;0;0;0;5;0;0;0;5048;1;1700;0.989522700814901;false;G205A,G206A,C303T,A316C,A335G,T432C,A622T,T861C,A874G,T972C,T1113C,A1181G,G1545A;;;;HA1:G53N,HA1:N96S,HA1:I192F,HA1:K276E,HA2:N49S;;;;;A874G,T1113C,G1545A;0;0;3;3;;NODE_0000273;C303T,A874G,T972C,T1113C,A1181G,G1545A;;HA1:K276E,HA2:N49S;;NODE_0000273;C303T,A874G,T972C,T1113C,A1181G,G1545A;;HA1:K276E,HA2:N49S;;NODE_0000273;C303T,A874G,T972C,T1113C,A1181G,G1545A;;HA1:K276E,HA2:N49S;;;;;;;;4;0;good;0;15;-2;0;good;3;;;;;;0;;0;0;good;;0;0;good;0;;;;
57;A/Catalonia/2041146NS/2023;3C.2a1b.2a.2a.3b;2a.3b;G.1.3.2;0;"HA1:8:NST;HA1:22:NGT;HA1:38:NAT;HA1:45:NSS;HA1:63:NCT;HA1:94:NSS;HA1:122:NES;HA1:126:NWT;HA1:133:NGT;HA1:165:NVT;HA1:246:NST;HA1:285:NGS;HA2:154:NET";0;good;13;0;0;0;0;0;6;0;0;0;5048;1;1700;0.989522700814901;false;C31A,A63G,G126A,G205A,G206A,A316C,A335G,T432C,A468G,A622T,T861C,T972C,A1181G;;;;HA1:G53N,HA1:N96S,HA1:I140M,HA1:I192F,HA2:N49S,SigPep:L11I;;;;;C31A,A63G;0;0;2;2;;NODE_0000229;C31A,A63G;;SigPep:L11I;;NODE_0000229;C31A,A63G;;SigPep:L11I;;NODE_0000229;C31A,A63G;;SigPep:L11I;;;;;;;;4;0;good;0;15;-3;0;good;2;;;;;;0;;0;0;good;;0;0;good;0;;;;
58;A/Bhutan/0006/2023;3C.2a1b.2a.2a.3;2a.3;G.1.3;0;"HA1:8:NST;HA1:22:NGT;HA1:38:NAT;HA1:45:NSS;HA1:63:NCT;HA1:94:NSS;HA1:122:NES;HA1:126:NWT;HA1:133:NGT;HA1:165:NVT;HA1:246:NST;HA1:285:NGS;HA2:154:NET";1.777778;good;20;0;0;0;0;0;7;0;0;0;5020;1;1700;0.989522700814901;false;T39A,G46A,G84A,T191C,A192G,G205A,G206A,A316C,A335G,T348C,T432C,A566G,A622T,C843T,A846C,T861C,A1181G,C1203T,G1407A,C1689T;;;;HA1:I48T,HA1:G53N,HA1:N96S,HA1:Q173R,HA1:I192F,HA2:N49S,SigPep:A16T;;;G64A,C972T;;T39A,G84A,A566G,C843T,C1689T;2;0;5;7;;NODE_0000273;T39A,G46A,G84A,T191C,A192G,T348C,A566G,C843T,A846C,A1181G,C1203T,G1407A,C1689T;;HA1:I48T,HA1:Q173R,HA2:N49S,SigPep:A16T;;NODE_0000273;T39A,G46A,G84A,T191C,A192G,T348C,A566G,C843T,A846C,A1181G,C1203T,G1407A,C1689T;;HA1:I48T,HA1:Q173R,HA2:N49S,SigPep:A16T;;NODE_0000273;T39A,G46A,G84A,T191C,A192G,T348C,A566G,C843T,A846C,A1181G,C1203T,G1407A,C1689T;;HA1:I48T,HA1:Q173R,HA2:N49S,SigPep:A16T;;;;;;;;4;0;good;0;15;2;13.333333;good;7;;;;;;0;;0;0;good;;0;0;good;0;;;;
59;A/Bhutan/FLU-BTG-00988/2022;3C.2a1b.2a.2a.3b;2a.3b;G.1.3.2;0;"HA1:8:NST;HA1:22:NGT;HA1:38:NAT;HA1:45:NSS;HA1:63:NCT;HA1:94:NSS;HA1:122:NES;HA1:126:NWT;HA1:133:NGT;HA1:165:NVT;HA1:246:NST;HA1:285:NGS;HA2:154:NET";0;good;18;0;0;0;0;0;8;0;0;0;5028;1;1700;0.989522700814901;false;G126A,T165G,G205A,G206A,G295A,A316C,A335G,T432C,A468G,A622T,T861C,G882A,T972C,A1181G,T1372G,A1482G,G1557A,C1653A;;;;HA1:G53N,HA1:E83K,HA1:N96S,HA1:I140M,HA1:I192F,HA2:N49S,HA2:S113A,HA2:I149M;;;;;;0;0;0;0;;NODE_0000229;T165G,G295A,G882A,T1372G,A1482G,G1557A,C1653A;;HA1:E83K,HA2:S113A,HA2:I149M;;NODE_0000229;T165G,G295A,G882A,T1372G,A1482G,G1557A,C1653A;;HA1:E83K,HA2:S113A,HA2:I149M;;NODE_0000229;T165G,G295A,G882A,T1372G,A1482G,G1557A,C1653A;;HA1:E83K,HA2:S113A,HA2:I149M;;;;;;;;4;0;good;0;15;-5;0;good;0;;;;;;0;;0;0;good;;0;0;good;0;;;;
60;A/Finland/391/2023;3C.2a1b.2a.2a.1b;2a.1b;G.1.1.2;0;"HA1:8:NST;HA1:22:NGT;HA1:38:NAT;HA1:45:NSS;HA1:63:NCT;HA1:122:NES;HA1:126:NWT;HA1:133:NGT;HA1:165:NVT;HA1:246:NST;HA1:285:NGS;HA2:154:NET";0;good;6;0;0;0;0;0;4;0;0;0;5076;1;1700;0.989522700814901;false;T270C,A359G,T467A,A875G,G944A,G1323T;;;;HA1:D104G,HA1:I140K,HA1:K276R,HA1:R299K;;;;;;0;0;0;0;;NODE_0000313;T270C;;;;NODE_0000313;T270C;;;;NODE_0000313;T270C;;;;;;;;;;4;0;good;0;15;-5;0;good;0;;;;;;0;;0;0;good;;0;0;good;0;;;;
61;A/KANAGAWA/IC2239/2023;3C.2a1b.2a.2a.1b;2a.1b;G.1.1.2;0;"HA1:8:NST;HA1:22:NGT;HA1:38:NAT;HA1:45:NSS;HA1:63:NCT;HA1:122:NES;HA1:126:NWT;HA1:133:NGT;HA1:165:NVT;HA1:246:NST;HA1:285:NGS;HA2:154:NET";0;good;7;0;0;0;0;0;5;0;0;0;5072;1;1700;0.989522700814901;false;T270C,A359G,T467A,A875G,G944A,A1025G,G1323T;;;;HA1:D104G,HA1:I140K,HA1:K276R,HA1:R299K,HA1:K326R;;;;;A1025G;0;0;1;1;;NODE_0000313;T270C,A1025G;;HA1:K326R;;NODE_0000313;T270C,A1025G;;HA1:K326R;;NODE_0000313;T270C,A1025G;;HA1:K326R;;;;;;;;4;0;good;0;15;-4;0;good;1;;;;;;0;;0;0;good;;0;0;good;0;;;;
62;A/South_Africa/R06359/2023;3C.2a1b.2a.2a.1b;2a.1b;G.1.1.2;0;"HA1:8:NST;HA1:22:NGT;HA1:38:NAT;HA1:45:NSS;HA1:63:NCT;HA1:122:NES;HA1:126:NWT;HA1:133:NGT;HA1:165:NVT;HA1:246:NST;HA1:285:NGS;HA2:154:NET";0;good;9;0;0;0;0;0;5;0;0;0;5064;1;1700;0.989522700814901;false;T210C,T270C,A359G,T467A,G871A,A875G,G944A,C1245T,G1323T;;;;HA1:D104G,HA1:I140K,HA1:G275S,HA1:K276R,HA1:R299K;;;;;T210C,G871A;0;0;2;2;;NODE_0000313;T210C,T270C,G871A,C1245T;;HA1:G275S;;NODE_0000313;T210C,T270C,G871A,C1245T;;HA1:G275S;;NODE_0000313;T210C,T270C,G871A,C1245T;;HA1:G275S;;;;;;;;4;0;good;0;15;-3;0;good;2;;;;;;0;;0;0;good;;0;0;good;0;;;;
63;A/Brisbane/429/2023;3C.2a1b.2a.2a.1b;2a.1b;G.1.1.2;0;"HA1:8:NST;HA1:22:NGT;HA1:38:NAT;HA1:45:NSS;HA1:63:NCT;HA1:122:NES;HA1:126:NWT;HA1:133:NGT;HA1:165:NVT;HA1:246:NST;HA1:285:NGS;HA2:154:NET";0;good;11;0;0;0;0;0;5;0;0;0;5056;1;1700;0.989522700814901;false;T30C,T270C,A359G,T467A,T663C,T689C,A875G,G944A,G957A,G1110A,G1323T;;;;HA1:D104G,HA1:I140K,HA1:I214T,HA1:K276R,HA1:R299K;;;;;T30C,T663C,T689C,G957A,G1110A;0;0;5;5;;NODE_0000313;T30C,T270C,T663C,T689C,G957A,G1110A;;HA1:I214T;;NODE_0000313;T30C,T270C,T663C,T689C,G957A,G1110A;;HA1:I214T;;NODE_0000313;T30C,T270C,T663C,T689C,G957A,G1110A;;HA1:I214T;;;;;;;;4;0;good;0;15;0;0;good;5;;;;;;0;;0;0;good;;0;0;good;0;;;;
64;A/KANAGAWA/AC2316/2023;3C.2a1b.2a.2a.1b;2a.1b;G.1.1.2;0;"HA1:8:NST;HA1:22:NGT;HA1:38:NAT;HA1:45:NSS;HA1:63:NCT;HA1:126:NWT;HA1:133:NGT;HA1:165:NVT;HA1:246:NST;HA1:285:NGS;HA2:154:NET";0;good;10;0;0;0;0;0;5;0;0;0;5060;1;1700;0.989522700814901;false;T270C,A359G,C420A,T467A,T492C,T870A,A875G,C930T,G944A,G1323T;;;;HA1:D104G,HA1:S124R,HA1:I140K,HA1:K276R,HA1:R299K;;;;;C420A,T492C,T870A,C930T;0;0;4;4;;NODE_0000313;T270C,C420A,T492C,T870A,C930T;;HA1:S124R;;NODE_0000313;T270C,C420A,T492C,T870A,C930T;;HA1:S124R;;NODE_0000313;T270C,C420A,T492C,T870A,C930T;;HA1:S124R;;;;;;;;4;0;good;0;15;-1;0;good;4;;;;;;0;;0;0;good;;0;0;good;0;;;;
65;A/Busan/1301/2023;3C.2a1b.2a.2a.1;2a.1;G.1.1;0;"HA1:8:NST;HA1:22:NGT;HA1:38:NAT;HA1:45:NSS;HA1:63:NCT;HA1:122:NES;HA1:126:NWT;HA1:133:NGT;HA1:165:NVT;HA1:246:NST;HA1:285:NGS;HA2:154:NET";0;good;6;0;0;0;0;0;1;0;0;0;5076;1;1700;0.989522700814901;false;G405A,G615A,A875G,G1125A,G1323T,A1500G;;;;HA1:K276R;;;G359A;;G1125A,A1500G;1;0;2;3;;NODE_0000302;G359A,G405A,G615A,G1125A,A1500G;;HA1:G104D;;NODE_0000302;G359A,G405A,G615A,G1125A,A1500G;;HA1:G104D;;NODE_0000302;G359A,G405A,G615A,G1125A,A1500G;;HA1:G104D;;;;;;;;4;0;good;0;15;-2;0;good;3;;;;;;0;;0;0;good;;0;0;good;0;;;;
66;A/TECPAN/017FLU/2023;3C.2a1b.2a.2b;2b;G.2;1;"HA1:8:NST;HA1:22:NGT;HA1:38:NAT;HA1:45:NSS;HA1:63:NCT;HA1:122:NES;HA1:126:NWT;HA1:133:NGT;HA1:165:NVT;HA1:246:NST;HA1:285:NGS;HA2:154:NET";0;good;17;0;0;0;0;0;7;0;0;0;5032;1;1700;0.989522700814901;false;G196A,G206A,T283G,A316C,G375A,T467A,A514C,G515A,T633C,A648G,T723C,C726T,A774G,T879C,T1071C,G1087A,A1251G;;;;HA1:E50K,HA1:G53D,HA1:F79V,HA1:I140K,HA1:S156H,HA1:I242M,HA2:V18M;;;;;G375A,A648G;0;0;2;2;;NODE_0000387;G375A,A648G,A774G,T1071C,G1087A;;HA1:I242M,HA2:V18M;;NODE_0000387;G375A,A648G,A774G,T1071C,G1087A;;HA1:I242M,HA2:V18M;;NODE_0000387;G375A,A648G,A774G,T1071C,G1087A;;HA1:I242M,HA2:V18M;;;;;;;;4;0;good;0;15;-3;0;good;2;;;;;;0;;0;0;good;;0;0;good;0;;;;
67;A/EHIME/50/2023;3C.2a1b.2a.2b;2b;G.2.2;1;"HA1:8:NST;HA1:22:NGT;HA1:38:NAT;HA1:45:NSS;HA1:63:NCT;HA1:122:NES;HA1:126:NWT;HA1:133:NGT;HA1:165:NVT;HA1:246:NST;HA1:285:NGS;HA2:154:NET";0;good;20;0;0;0;0;0;8;0;0;0;5020;1;1700;0.989522700814901;false;T66C,C135T,G146A,G171A,G196A,G206A,T283G,A316C,T351A,T467A,A514C,G515A,T633C,T636C,T723C,C726T,G833A,T879C,A1251G,C1363T;;;;HA1:R33Q,HA1:E50K,HA1:G53D,HA1:F79V,HA1:D101E,HA1:I140K,HA1:S156H,HA1:S262N;;;;;;0;0;0;0;;NODE_0000387;T66C,C135T,G146A,G171A,T351A,T636C,G833A,C1363T;;HA1:R33Q,HA1:D101E,HA1:S262N;;NODE_0000402;C135T,G171A,T351A;;HA1:D101E;;NODE_0000387;T66C,C135T,G146A,G171A,T351A,T636C,G833A,C1363T;;HA1:R33Q,HA1:D101E,HA1:S262N;;;;;;;;4;0;good;0;15;-5;0;good;0;;;;;;0;;0;0;good;;0;0;good;0;;;;
68;A/Romania/543634/2022;3C.2a1b.2a.2b;2b;G.2.2;1;"HA1:8:NST;HA1:22:NGT;HA1:38:NAT;HA1:45:NSS;HA1:63:NCT;HA1:122:NES;HA1:126:NWT;HA1:133:NGT;HA1:165:NVT;HA1:246:NST;HA1:285:NGS;HA2:154:NET";0;good;19;0;0;0;0;0;6;0;0;0;5024;1;1700;0.989522700814901;false;T66C,G146A,G196A,G206A,T283G,A316C,T467A,A514C,G515A,T633C,T636C,T723C,C726T,T816C,T879C,C987T,A1251G,C1347T,C1363T;;;;HA1:R33Q,HA1:E50K,HA1:G53D,HA1:F79V,HA1:I140K,HA1:S156H;;;A833G;;T816C,C987T,C1347T;1;0;3;4;;NODE_0000387;T66C,G146A,T636C,T816C,C987T,C1347T,C1363T;;HA1:R33Q;;NODE_0000402;T816C,A833G,C987T,C1347T;;HA1:N262S;;NODE_0000387;T66C,G146A,T636C,T816C,C987T,C1347T,C1363T;;HA1:R33Q;;;;;;;;4;0;good;0;15;-1;0;good;4;;;;;;0;;0;0;good;;0;0;good;0;;;;
69;A/YAMAGATA/98/2023;3C.2a1b.2a.2b;2b;G.2.1;1;"HA1:8:NST;HA1:22:NGT;HA1:38:NAT;HA1:45:NSS;HA1:63:NCT;HA1:122:NES;HA1:126:NWT;HA1:165:NVT;HA1:246:NST;HA1:285:NGS;HA2:154:NET";0;good;17;0;0;0;0;0;8;0;0;0;5032;1;1700;0.989522700814901;false;G62A,T66C,G196A,G206A,T283G,A316C,A451G,T467A,A514C,G515A,T633C,T636C,T723C,C726T,G833A,T879C,A1251G;;;;HA1:G5E,HA1:E50K,HA1:G53D,HA1:F79V,HA1:T135A,HA1:I140K,HA1:S156H,HA1:S262N;;;;;G62A;0;0;1;1;;NODE_0000387;G62A,T66C,A451G,T636C,G833A;;HA1:G5E,HA1:T135A,HA1:S262N;;NODE_0000408;G62A;;HA1:G5E;;NODE_0000387;G62A,T66C,A451G,T636C,G833A;;HA1:G5E,HA1:T135A,HA1:S262N;;;;;;;;4;0;good;0;15;-4;0;good;1;;;;;;0;;0;0;good;;0;0;good;0;;;;
70;A/Schleswig-Holstein/4/2023;3C.2a1b.2a.2b;2b;G.2.2;1;"HA1:8:NST;HA1:22:NGT;HA1:38:NAT;HA1:45:NSS;HA1:63:NCT;HA1:122:NES;HA1:126:NWT;HA1:133:NGT;HA1:165:NVT;HA1:246:NST;HA1:285:NGS;HA2:154:NET";0;good;19;0;0;0;0;0;7;0;0;0;4976;1;1684;0.980209545983702;false;T66C,G146A,G196A,G206A,T283G,A316C,T467A,T492C,A514C,G515A,T633C,T636C,T723C,C726T,G833A,T879C,A1251G,C1363T,A1584G;;;;HA1:R33Q,HA1:E50K,HA1:G53D,HA1:F79V,HA1:I140K,HA1:S156H,HA1:S262N;;;;;T492C,A1584G;0;0;2;2;;NODE_0000387;T66C,G146A,T492C,T636C,G833A,C1363T,A1584G;;HA1:R33Q,HA1:S262N;;NODE_0000402;T492C,A1584G;;;;NODE_0000387;T66C,G146A,T492C,T636C,G833A,C1363T,A1584G;;HA1:R33Q,HA1:S262N;;;;;;;;4;0;good;0;15;-3;0;good;2;;;;;;0;;0;0;good;;0;0;good;0;;;;
71;A/SENDAI/45/2023;3C.2a1b.2a.2b;2b;G.2.1;1;"HA1:8:NST;HA1:22:NGT;HA1:38:NAT;HA1:45:NSS;HA1:63:NCT;HA1:122:NES;HA1:126:NWT;HA1:165:NVT;HA1:246:NST;HA1:285:NGS;HA2:154:NET";0;good;21;0;0;0;0;0;8;0;0;0;5016;1;1700;0.989522700814901;false;G196A,G206A,T283G,A316C,T339C,T372G,A451G,T467A,A514C,G515A,T633C,T636C,T723C,C726T,T816G,G833A,T879C,A1041C,A1251G,G1524A,C1637T;;;;HA1:E50K,HA1:G53D,HA1:F79V,HA1:T135A,HA1:I140K,HA1:S156H,HA1:S262N,HA2:A201V;;;;;;0;0;0;0;;NODE_0000387;T339C,T372G,A451G,T636C,T816G,G833A,A1041C,G1524A,C1637T;;HA1:T135A,HA1:S262N,HA2:A201V;;NODE_0000408;C66T,T339C,T372G,T816G,A1041C,G1524A,C1637T;;HA2:A201V;;NODE_0000387;T339C,T372G,A451G,T636C,T816G,G833A,A1041C,G1524A,C1637T;;HA1:T135A,HA1:S262N,HA2:A201V;;;;;;;;4;0;good;0;15;-5;0;good;0;;;;;;0;;0;0;good;;0;0;good;0;;;;
72;A/South_Africa/R06506/2023;3C.2a1b.2a.2b;2b;G.2;1;"HA1:8:NST;HA1:22:NGT;HA1:38:NAT;HA1:45:NSS;HA1:63:NCT;HA1:122:NES;HA1:126:NWT;HA1:133:NGT;HA1:165:NVT;HA1:246:NST;HA1:285:NGS;HA2:154:NET";0;good;22;0;0;0;0;0;7;0;0;0;5012;1;1700;0.989522700814901;false;G196A,G206A,T259C,T283G,A289G,A316C,C333T,G462T,T467A,A514C,G515A,T633C,T723C,C726T,A774G,T879C,G978A,T1071C,A1251G,G1518A,G1557A,T1635C;;;;HA1:E50K,HA1:G53D,HA1:F79V,HA1:N81D,HA1:I140K,HA1:S156H,HA1:I242M;;;;;A289G,G462T,G1518A,G1557A,T1635C;0;0;5;5;;NODE_0000387;T259C,A289G,C333T,G462T,A774G,G978A,T1071C,G1518A,G1557A,T1635C;;HA1:N81D,HA1:I242M;;NODE_0000387;T259C,A289G,C333T,G462T,A774G,G978A,T1071C,G1518A,G1557A,T1635C;;HA1:N81D,HA1:I242M;;NODE_0000387;T259C,A289G,C333T,G462T,A774G,G978A,T1071C,G1518A,G1557A,T1635C;;HA1:N81D,HA1:I242M;;;;;;;;4;0;good;0;15;0;0;good;5;;;;;;0;;0;0;good;;0;0;good;0;;;;
73;A/South_Africa/R05384/2023;3C.2a1b.2a.2b;2b;G.2;1;"HA1:8:NST;HA1:22:NGT;HA1:38:NAT;HA1:45:NSS;HA1:63:NCT;HA1:122:NES;HA1:126:NWT;HA1:133:NGT;HA1:165:NVT;HA1:246:NST;HA1:285:NGS;HA2:154:NET";0.444444;good;23;0;0;0;0;0;8;0;0;0;5008;1;1700;0.989522700814901;false;G96A,G196A,G206A,T259C,T283G,A316C,C333T,G462T,T467A,A514C,G515A,A566T,T633C,G682A,T723C,C726T,A774G,T879C,G978A,T1071C,A1251G,G1518A,T1635C;;;;HA1:E50K,HA1:G53D,HA1:F79V,HA1:I140K,HA1:S156H,HA1:Q173L,HA1:A212T,HA1:I242M;;;;;G96A,G462T,A566T,G682A,G1518A,T1635C;0;0;6;6;;NODE_0000387;G96A,T259C,C333T,G462T,A566T,G682A,A774G,G978A,T1071C,G1518A,T1635C;;HA1:Q173L,HA1:A212T,HA1:I242M;;NODE_0000387;G96A,T259C,C333T,G462T,A566T,G682A,A774G,G978A,T1071C,G1518A,T1635C;;HA1:Q173L,HA1:A212T,HA1:I242M;;NODE_0000387;G96A,T259C,C333T,G462T,A566T,G682A,A774G,G978A,T1071C,G1518A,T1635C;;HA1:Q173L,HA1:A212T,HA1:I242M;;;;;;;;4;0;good;0;15;1;6.666667;good;6;;;;;;0;;0;0;good;;0;0;good;0;;;;
74;A/South_Africa/R07073/2023;3C.2a1b.2a.2b;2b;G.2;1;"HA1:8:NST;HA1:22:NGT;HA1:38:NAT;HA1:45:NSS;HA1:63:NCT;HA1:122:NES;HA1:126:NWT;HA1:133:NGT;HA1:165:NVT;HA1:246:NST;HA1:285:NGS;HA2:154:NET";4;good;25;0;0;0;0;0;6;0;0;0;5000;1;1700;0.989522700814901;false;G196A,G205A,G206A,G234A,T259C,T283G,A316C,C333T,C342T,G462T,T467A,A514C,G515A,T633C,T723C,C726T,A774G,T879C,G978A,T1071C,A1152G,A1251G,G1404A,G1518A,T1635C;;;;HA1:E50K,HA1:G53N,HA1:F79V,HA1:I140K,HA1:S156H,HA1:I242M;;;;;G205A,G234A,C342T,G462T,A1152G,G1404A,G1518A,T1635C;0;0;8;8;;NODE_0000387;G205A,G234A,T259C,C333T,C342T,G462T,A774G,G978A,T1071C,A1152G,G1404A,G1518A,T1635C;;HA1:D53N,HA1:I242M;;NODE_0000387;G205A,G234A,T259C,C333T,C342T,G462T,A774G,G978A,T1071C,A1152G,G1404A,G1518A,T1635C;;HA1:D53N,HA1:I242M;;NODE_0000387;G205A,G234A,T259C,C333T,C342T,G462T,A774G,G978A,T1071C,A1152G,G1404A,G1518A,T1635C;;HA1:D53N,HA1:I242M;;;;;;;;4;0;good;0;15;3;20;good;8;;;;;;0;;0;0;good;;0;0;good;0;;;;
75;A/Luga/RII-11393S/2023;3C.2a1b.2a.2b;2b;G.2.1;1;"HA1:8:NST;HA1:22:NGT;HA1:38:NAT;HA1:45:NSS;HA1:63:NCT;HA1:122:NES;HA1:126:NWT;HA1:165:NVT;HA1:246:NST;HA1:285:NGS;HA2:154:NET";0;good;19;0;0;0;0;0;8;0;0;0;5024;1;1700;0.989522700814901;false;T66C,G196A,G206A,T283G,A316C,T408C,A451G,T467A,A514C,G515A,T633C,T636C,T723C,C726T,G833A,G854A,T879C,A1251G,T1620C;;;;HA1:E50K,HA1:G53D,HA1:F79V,HA1:T135A,HA1:I140K,HA1:S156H,HA1:S262N,HA1:R269K;;;;;;0;0;0;0;;NODE_0000387;T66C,T408C,A451G,T636C,G833A,G854A,T1620C;;HA1:T135A,HA1:S262N,HA1:R269K;;NODE_0000408;T408C,G854A,T1620C;;HA1:R269K;;NODE_0000387;T66C,T408C,A451G,T636C,G833A,G854A,T1620C;;HA1:T135A,HA1:S262N,HA1:R269K;;;;;;;;4;0;good;0;15;-5;0;good;0;;;;;;0;;0;0;good;;0;0;good;0;;;;
76;A/Surat_Thani/P152/2023;3C.2a1b.2a.2b;2b;G.2;1;"HA1:8:NST;HA1:22:NGT;HA1:38:NAT;HA1:45:NSS;HA1:63:NCT;HA1:122:NES;HA1:126:NWT;HA1:133:NGT;HA1:165:NVT;HA1:246:NST;HA1:285:NGS;HA2:154:NET";0;good;18;0;0;0;0;0;6;0;0;0;5028;1;1700;0.989522700814901;false;A68G,G196A,G206A,T283G,A316C,T467A,A514C,G515A,C516T,G540A,G609A,T633C,A672G,T723C,C726T,T879C,A1251G,C1509T;;;;HA1:D7G,HA1:E50K,HA1:G53D,HA1:F79V,HA1:I140K,HA1:S156H;;;;;;0;0;0;0;;NODE_0000387;A68G,C516T,G540A,G609A,A672G,C1509T;;HA1:D7G;;NODE_0000387;A68G,C516T,G540A,G609A,A672G,C1509T;;HA1:D7G;;NODE_0000387;A68G,C516T,G540A,G609A,A672G,C1509T;;HA1:D7G;;;;;;;;4;0;good;0;15;-5;0;good;0;;;;;;0;;0;0;good;;0;0;good;0;;;;
77;A/Jeju/1047/2023;3C.2a1b.2a.2b;2b;G.2;1;"HA1:8:NST;HA1:22:NGT;HA1:38:NAT;HA1:45:NSS;HA1:63:NCT;HA1:122:NES;HA1:126:NWT;HA1:133:NGT;HA1:165:NVT;HA1:246:NST;HA1:285:NGS;HA2:154:NET";0;good;16;0;0;0;0;0;5;0;0;0;5036;1;1700;0.989522700814901;false;G196A,G206A,T283G,A316C,T467A,A514C,G515A,G540A,G609A,T633C,A672G,T723C,C726T,T879C,A1029G,A1251G;;;;HA1:E50K,HA1:G53D,HA1:F79V,HA1:I140K,HA1:S156H;;;;;;0;0;0;0;;NODE_0000387;G540A,G609A,A672G,A1029G;;;;NODE_0000387;G540A,G609A,A672G,A1029G;;;;NODE_0000387;G540A,G609A,A672G,A1029G;;;;;;;;;;4;0;good;0;15;-5;0;good;0;;;;;;0;;0;0;good;;0;0;good;0;;;;
78;A/South_Dakota/22/2023;3C.2a1b.2a.2b;2b;G.2;1;"HA1:8:NST;HA1:22:NGT;HA1:38:NAT;HA1:45:NSS;HA1:63:NCT;HA1:122:NES;HA1:126:NWT;HA1:133:NGT;HA1:165:NVT;HA1:246:NST;HA1:285:NGS;HA2:154:NET";0;good;17;0;0;0;0;0;6;0;0;0;5032;1;1700;0.989522700814901;false;G196A,G206A,T283G,A316C,T351A,T467A,A514C,G515A,G540A,G609A,T633C,A672G,T723C,C726T,T879C,A1029G,A1251G;;;;HA1:E50K,HA1:G53D,HA1:F79V,HA1:D101E,HA1:I140K,HA1:S156H;;;;;;0;0;0;0;;NODE_0000387;T351A,G540A,G609A,A672G,A1029G;;HA1:D101E;;NODE_0000387;T351A,G540A,G609A,A672G,A1029G;;HA1:D101E;;NODE_0000387;T351A,G540A,G609A,A672G,A1029G;;HA1:D101E;;;;;;;;4;0;good;0;15;-5;0;good;0;;;;;;0;;0;0;good;;0;0;good;0;;;;
