name,subclade,method,date,date_submitted,accession_ha,HA1_haplotype_count,HA1_substitutions
A/Finland/391/2023,G.1.1.2,six_month,2023-07-07,2023-09-08,EPI2736643,2708.0,"HA1:D104G,HA1:I140K,HA1:K276R,HA1:R299K"
A/Kanagawa/IC2239/2023,G.1.1.2,six_month,2023-06-27,2023-07-25,EPI2647253,11.0,"HA1:D104G,HA1:I140K,HA1:K276R,HA1:R299K,HA1:K326R"
A/Singapore/NUH0526/2023,H,six_month,2023-06-14,2023-07-10,EPI2617594,1626.0,"HA1:E50K,HA1:G53N,HA1:N96S,HA1:I140K,HA1:I192F,HA1:I223V"
A/Sydney/332/2023,H,six_month,2023-06-14,2023-07-24,EPI2643073,274.0,"HA1:E50K,HA1:G53N,HA1:N96S,HA1:N122D,HA1:I140K,HA1:I192F,HA1:I223V"
A/Bangkok/P3755/2023,H,six_month,2023-09-07,2023-09-28,EPI2760070,10.0,"HA1:E50K,HA1:G53N,HA1:N96S,HA1:N122D,HA1:I140K,HA1:S144N,HA1:I192F,HA1:I223V,HA1:K276E"
A/Ontario/RV00796/2023,H,six_month,2023-07-25,2023-09-07,EPI2735889,70.0,"HA1:E50K,HA1:G53N,HA1:N96S,HA1:N122D,HA1:I140K,HA1:I192F,HA1:I223V,HA1:K276E"
A/Krabi/THIS050/2023,H,six_month,2023-08-24,2023-09-28,EPI2759946,20.0,"HA1:E50K,HA1:G53N,HA1:N96S,HA1:S124N,HA1:I140K,HA1:S145N,HA1:I192F,HA1:I223V"
A/Saskatchewan/SKFLU317847/2023,H,six_month,2023-08-14,2023-09-11,EPI2743304,1.0,"HA1:T28A,HA1:E50K,HA1:G53N,HA1:N96S,HA1:I140K,HA1:S145N,HA1:I192F,HA1:I223V"
A/StPetersburg/MH144113/2023,H,six_month,2023-08-17,2023-10-24,EPI2777879,28.0,"HA1:E50K,HA1:G53N,HA1:N96S,HA1:I140K,HA1:Q173R,HA1:I192F,HA1:I223V,HA1:K276E"
A/Maldives/852/2023,H,six_month,2023-06-03,2023-08-17,EPI2689677,18.0,"HA1:P21T,HA1:E50K,HA1:G53N,HA1:N96S,HA1:I140K,HA1:I192F,HA1:I223V"
A/Georgia/40/2023,H,six_month,2023-08-23,2023-09-25,EPI2756864,10.0,"HA1:E50K,HA1:G53N,HA1:N96S,HA1:I140K,HA1:I192F,HA1:I223V,HA1:I242M"
A/Bhutan/845/2023,H,six_month,2023-07-19,2023-10-31,EPI2781036,139.0,"HA1:I25V,HA1:E50K,HA1:G53N,HA1:N96S,HA1:I140K,HA1:I192F,HA1:I223V"
A/Catalonia/2041146NS/2023,G.1.3.2,six_month,2023-05-24,2023-10-24,EPI2778022,355.0,"HA1:G53N,HA1:N96S,HA1:I140M,HA1:I192F"
A/Jeju/1047/2023,G.2,six_month,2023-05-17,2023-09-07,EPI2735103,2124.0,"HA1:E50K,HA1:G53D,HA1:F79V,HA1:I140K,HA1:S156H"
A/Kobe/23117/2023,G.2.1,six_month,2023-07-19,2023-09-26,EPI2758716,23.0,"HA1:G5E,HA1:E50K,HA1:G53D,HA1:F79V,HA1:T135A,HA1:I140K,HA1:S156H,HA1:S262N"
A/Tecpan/17FLU/2023,G.2,six_month,2023-05-17,2023-11-14,EPI2791811,665.0,"HA1:E50K,HA1:G53D,HA1:F79V,HA1:I140K,HA1:S156H,HA1:I242M"
A/Wisconsin/27/2023,H,two_year,2023-03-06,2023-04-04,EPI2498763,16.0,"HA1:E50K,HA1:G53N,HA1:N96S,HA1:I140K,HA1:I192F,HA1:I223V,HA1:V309I"
A/Pakistan/GIHSN/ICT/1339/2023,G.1.3.2,two_year,2023-03-08,2023-03-23,EPI2505314,79.0,"HA1:G53N,HA1:E83K,HA1:N96S,HA1:I140M,HA1:I192F"
A/Bhutan/6/2023,G.1.3,two_year,2023-03-08,2023-05-23,EPI2571554,5.0,"HA1:I48T,HA1:G53N,HA1:N96S,HA1:Q173R,HA1:I192F"
A/Luga/RII-11393S/2023,G.2.1,two_year,2023-02-06,2023-05-17,EPI2558520,28.0,"HA1:E50K,HA1:G53D,HA1:F79V,HA1:T135A,HA1:I140K,HA1:S156H,HA1:S262N,HA1:R269K"
A/SouthDakota/22/2023,G.2,two_year,2023-02-24,2023-04-04,EPI2498814,247.0,"HA1:E50K,HA1:G53D,HA1:F79V,HA1:D101E,HA1:I140K,HA1:S156H"
A/SuratThani/P152/2023,G.2,two_year,2023-01-12,2023-01-25,EPI2312127,10.0,"HA1:D7G,HA1:E50K,HA1:G53D,HA1:F79V,HA1:I140K,HA1:S156H"
A/Busan/1301/2023,G.1.1,six_month,2023-07-25,2023-11-15,EPI2793114,36.0,HA1:K276R
A/Sydney/715/2023,H,six_month,2023-08-01,2023-09-04,EPI2724875,9.0,"HA1:E50K,HA1:G53N,HA1:N96S,HA1:D104N,HA1:I140K,HA1:I192F,HA1:I223V"
A/Sydney/749/2023,H,six_month,2023-08-07,2023-11-06,EPI2785896,7.0,"HA1:E50K,HA1:G53N,HA1:N96S,HA1:A106V,HA1:I140K,HA1:I192F,HA1:I223V"
A/Netherlands/1693/2023,H,six_month,2023-09-13,2023-10-11,EPI2771080,19.0,"HA1:E50K,HA1:G53N,HA1:N96S,HA1:N122D,HA1:I140K,HA1:I192F,HA1:I223V,HA1:K276E,HA1:Q327R"
A/SouthAfrica/R07188/2023,H,six_month,2023-06-21,2023-09-04,EPI2725146,14.0,"HA1:E50K,HA1:G53N,HA1:N96S,HA1:S124N,HA1:I140K,HA1:I192F,HA1:I223V"
A/SamutSongkhram/THIS061/2023,H,six_month,2023-08-31,2023-09-28,EPI2759881,1.0,"HA1:E50K,HA1:G53N,HA1:N96S,HA1:I140K,HA1:I192F,HA1:Q197H,HA1:I223V,HA1:I300V"
A/Chipata/15-NIC-001/2023,H,six_month,2023-07-26,2023-10-01,EPI2762684,6.0,"HA1:E50K,HA1:G53N,HA1:N96S,HA1:I140K,HA1:I192F,HA1:S198P,HA1:K207R,HA1:I223V"
A/Solwezi/13-NIC-001/2023,H,six_month,2023-07-17,2023-10-12,EPI2773303,15.0,"HA1:P21T,HA1:E50K,HA1:G53N,HA1:N96S,HA1:N122D,HA1:I140K,HA1:I192F,HA1:I223V"
A/Victoria/1033/2023,H,six_month,2023-05-27,2023-08-15,EPI2686112,13.0,"HA1:E50K,HA1:G53N,HA1:N96S,HA1:I140K,HA1:I192F,HA1:I223V,HA1:K278E"
A/SouthAfrica/R05510/2023,H,six_month,2023-05-22,2023-08-16,EPI2687991,15.0,"HA1:E50K,HA1:G53N,HA1:N96S,HA1:I140K,HA1:I192F,HA1:I223V,HA1:R299K"
A/Netherlands/1685/2023,H,six_month,2023-09-08,2023-09-22,EPI2755805,5.0,"HA1:G5E,HA1:E50K,HA1:G53N,HA1:N96S,HA1:I140K,HA1:I192F,HA1:I223V"
A/SouthAfrica/R06477/2023,H,six_month,2023-06-02,2023-08-16,EPI2688989,6.0,"HA1:G5V,HA1:E50K,HA1:G53N,HA1:N96S,HA1:I140K,HA1:I192F,HA1:I223V"
A/Oman/3011/2023,H,six_month,2023-07-18,2023-09-25,EPI2756778,28.0,"HA1:E50K,HA1:G53N,HA1:G78D,HA1:N96S,HA1:I140K,HA1:I192F,HA1:I223V"
A/California/81/2023,H,six_month,2023-08-18,2023-10-11,EPI2772585,7.0,"HA1:E50K,HA1:G53N,HA1:N81D,HA1:N96S,HA1:I140K,HA1:I192F,HA1:I223V"
A/SouthAfrica/R05384/2023,G.2,six_month,2023-05-16,2023-07-26,EPI2653147,7.0,"HA1:E50K,HA1:G53D,HA1:F79V,HA1:I140K,HA1:S156H,HA1:Q173L,HA1:A212T,HA1:I242M"
A/Sydney/710/2023,H,newHAsubs,2023-07-29,2023-09-04,EPI2724869,23.0,"HA1:E50K,HA1:G53N,HA1:N96S,HA1:I140K,HA1:S145N,HA1:I192F,HA1:I223V"
A/Netherlands/1760/2023,H,newHAsubs,2023-11-01,2023-11-16,EPI2794043,5.0,"HA1:E50K,HA1:G53N,HA1:N63D,HA1:N96S,HA1:I140K,HA1:I192F,HA1:I223V"
A/SouthAfrica/KO56863/2023,H,newHAsubs,2023-06-06,2023-08-30,EPI2718764,10.0,"HA1:L15I,HA1:E50K,HA1:G53N,HA1:N96S,HA1:I140K,HA1:I192F,HA1:I223V"
A/SouthAfrica/R06240/2023,H,newHAsubs,2023-06-01,2023-08-16,EPI2688666,11.0,"HA1:T10M,HA1:E50K,HA1:G53N,HA1:N96S,HA1:I140K,HA1:I192F,HA1:I223V"
A/Finland/399/2023,G.1.3.1,newHAsubs,2023-07-27,2023-09-08,EPI2736695,22.0,"HA1:E50K,HA1:G53N,HA1:N96S,HA1:I192F"
A/SouthAfrica/PET28931/2023,H,newHAsubs,2023-06-12,2023-08-24,EPI2700761,5.0,"HA1:R33Q,HA1:E50K,HA1:G53N,HA1:N96S,HA1:I140K,HA1:I192F,HA1:I223V"
A/SouthAfrica/R06359/2023,G.1.1.2,newHAsubs,2023-06-01,2023-08-16,EPI2688685,5.0,"HA1:D104G,HA1:I140K,HA1:G275S,HA1:K276R,HA1:R299K"
A/SouthAfrica/R06506/2023,G.2,newHAsubs,2023-06-02,2023-08-16,EPI2689110,8.0,"HA1:E50K,HA1:G53D,HA1:F79V,HA1:N81D,HA1:I140K,HA1:S156H,HA1:I242M"
A/Sendai/45/2023,G.2,newHAsubs,2023-09-09,2023-10-16,EPI2775314,1503.0,"HA1:E50K,HA1:G53D,HA1:F79V,HA1:T135A,HA1:I140K,HA1:S156H,HA1:S262N"
A/Townsville/68/2023,H,newHAsubs,2023-07-07,2023-09-12,EPI2743993,14.0,"HA1:E50K,HA1:G53N,HA1:N96S,HA1:I140K,HA1:I192F,HA1:I223V,HA1:G275D"
A/Bangkok/P3599/2023,H,newHAsubs,2023-09-04,2023-09-28,EPI2760054,9.0,"HA1:E50K,HA1:G53N,HA1:N96S,HA1:I140K,HA1:I192F,HA1:Q197H,HA1:I223V"
A/SouthAfrica/K056872/2023,H,newHAsubs,2023-06-05,2023-08-29,EPI2718582,7.0,"HA1:E50K,HA1:G53N,HA1:N96S,HA1:T128I,HA1:I140K,HA1:I192F,HA1:I223V"
A/Okinawa/234/2023,G.2,newHAsubs,2023-06-02,2023-08-08,EPI2670258,9.0,"HA1:R33Q,HA1:E50K,HA1:G53D,HA1:F79V,HA1:I140K,HA1:S156H"
A/Guangdong-Futian/1980/2023,H,newHAsubs,2023-06-12,2023-08-04,EPI2667823,8.0,"HA1:E50K,HA1:G53N,HA1:N96S,HA1:V112I,HA1:I140K,HA1:I192F,HA1:I223V"
A/SouthSudan/642/2023,G.1.3,newHAsubs,2023-06-02,2023-10-03,EPI2762970,5.0,"HA1:G53N,HA1:N96S,HA1:I192F,HA1:K276E,HA1:K278N,HA1:P289L"
A/Ehime/50/2023,G.2.2,newHAsubs,2023-08-09,2023-10-10,EPI2767381,255.0,"HA1:R33Q,HA1:E50K,HA1:G53D,HA1:F79V,HA1:D101E,HA1:I140K,HA1:S156H,HA1:S262N"
A/Chipata/15-NIC-007/2023,H,newHAsubs,2023-07-29,2023-10-01,EPI2763780,8.0,"HA1:E50K,HA1:G53N,HA1:N96S,HA1:I140K,HA1:I192F,HA1:S198P,HA1:I223V"
A/SchleswigHolstein/4/2023,G.2.2,newHAsubs,2023-09-07,2023-11-10,EPI2790753,1882.0,"HA1:R33Q,HA1:E50K,HA1:G53D,HA1:F79V,HA1:I140K,HA1:S156H,HA1:S262N"
A/Catalonia/NSVH102124476/2023,H,newHAsubs,2023-07-15,2023-09-05,EPI2725748,6.0,"HA1:E50K,HA1:G53N,HA1:N96S,HA1:I140K,HA1:I192F"
A/AbuDhabi/6753/2023,H,newHAsubs,2023-06-06,2023-08-17,EPI2689865,6.0,"HA1:E50K,HA1:G53N,HA1:N96S,HA1:K121E,HA1:I140K,HA1:I192F,HA1:I223V"
A/Kanagawa/AC2316/2023,G.1.1.2,newHAsubs,2023-10-08,2023-11-01,EPI2781715,10.0,"HA1:D104G,HA1:S124R,HA1:I140K,HA1:K276R,HA1:R299K"
A/Brisbane/429/2023,G.1.1.2,newHAsubs,2023-07-13,2023-11-09,EPI2790312,5.0,"HA1:D104G,HA1:I140K,HA1:I214T,HA1:K276R,HA1:R299K"
A/SouthAfrica/R07073/2023,G.2,newHAsubs,2023-06-19,2023-09-04,EPI2725091,5.0,"HA1:E50K,HA1:G53N,HA1:F79V,HA1:I140K,HA1:S156H,HA1:I242M"
A/SouthSudan/631/2023,G.1.3,newHAsubs,2023-06-09,2023-10-03,EPI2760859,8.0,"HA1:G53N,HA1:N96S,HA1:I192F,HA1:K276E"
A/Southafrica/R07876/2020,H,newHAsubs,2023-07-07,2023-09-06,EPI2732515,7.0,"HA1:E50K,HA1:G53N,HA1:N96S,HA1:I140K,HA1:I192F,HA1:I223V,HA1:P239S"
